,id_x,id_y,score
0,5eab9655-f967-45ef-b8fa-5e8632163c59,d3ebc60d-6c75-40d4-a437-56a6a17c2f55,0.1
1,5eab9655-f967-45ef-b8fa-5e8632163c59,30c60ac1-5a2c-4360-a83b-5670beffadf0,0.1
2,5eab9655-f967-45ef-b8fa-5e8632163c59,22be1688-b960-4ca4-802f-6f9f48a0cd7f,0.1
3,5eab9655-f967-45ef-b8fa-5e8632163c59,8f267016-ccc3-46ce-8a50-87a48cfe8cfb,0.1
4,5eab9655-f967-45ef-b8fa-5e8632163c59,a22b9f8f-fb3a-495b-b939-127b8a159db6,0.1
5,5eab9655-f967-45ef-b8fa-5e8632163c59,24a7de6b-7feb-42dc-a4eb-12293e3231e7,0.1
6,5eab9655-f967-45ef-b8fa-5e8632163c59,ddecd554-bdb4-4478-a423-b961673d5fcd,0.1
7,5eab9655-f967-45ef-b8fa-5e8632163c59,e347a7ff-59bb-4588-813b-18f0d6dfd0d4,0.1
8,5eab9655-f967-45ef-b8fa-5e8632163c59,b6b0a20e-3c2c-4c08-9fc7-4c1883d7511e,0.1
9,5eab9655-f967-45ef-b8fa-5e8632163c59,53c377a4-7f57-4cfb-bb48-aee60a01e5ba,0.1
10,5eab9655-f967-45ef-b8fa-5e8632163c59,8a1371b5-ebf2-4821-b29c-0e66a0af0046,0.1
11,5eab9655-f967-45ef-b8fa-5e8632163c59,1a8d5916-3b31-474b-9e12-0baea395a747,0.1
12,5eab9655-f967-45ef-b8fa-5e8632163c59,54a2ffb7-ccbd-4fb7-8d06-ee8d2d27428b,0.1
13,5eab9655-f967-45ef-b8fa-5e8632163c59,218a9e10-6bb5-44b6-b64e-615110a34796,0.1
14,5eab9655-f967-45ef-b8fa-5e8632163c59,4a9e847f-12ac-4614-95d7-11a9c0c3bd0e,0.1
15,5eab9655-f967-45ef-b8fa-5e8632163c59,95492dec-ec81-49fc-8736-c3aa2179d105,0.1
16,5eab9655-f967-45ef-b8fa-5e8632163c59,1639b9ae-873d-4069-96a8-06f521b95273,0.1
17,5eab9655-f967-45ef-b8fa-5e8632163c59,a9ae66ec-920d-4a19-9f44-9f7894928231,0.1
18,5eab9655-f967-45ef-b8fa-5e8632163c59,0f38d1d3-8b84-4d12-aebc-5ae45eacf1bd,0.1
19,5eab9655-f967-45ef-b8fa-5e8632163c59,1ceaa55d-07be-495d-be1e-3eafa6cbd536,0.1
20,5eab9655-f967-45ef-b8fa-5e8632163c59,a41d4a8e-ef7e-45c4-91d0-1c94b590da19,0.1
21,5eab9655-f967-45ef-b8fa-5e8632163c59,c3f12187-ff01-484b-a252-67c000b9e64e,0.1
22,5eab9655-f967-45ef-b8fa-5e8632163c59,4db8df8e-e905-4484-9f6f-e48ae0eb215b,0.1
23,5eab9655-f967-45ef-b8fa-5e8632163c59,5043e802-4da4-4bc2-a4bd-a48892acd9a5,0.1
24,5eab9655-f967-45ef-b8fa-5e8632163c59,4668c5fc-e800-4462-b6e6-90f240467695,0.1
25,5eab9655-f967-45ef-b8fa-5e8632163c59,ccc421a9-43ce-4f52-8dd7-5b23b6d5b8d1,0.1
26,5eab9655-f967-45ef-b8fa-5e8632163c59,9a192d83-73d3-4f58-87b1-a0020a152664,0.1
27,5eab9655-f967-45ef-b8fa-5e8632163c59,a6364616-8455-4142-a4ee-84c46dce12bf,0.1
28,5eab9655-f967-45ef-b8fa-5e8632163c59,6df6cd29-24b5-4630-b5c7-521abf8c0d79,0.1
29,5eab9655-f967-45ef-b8fa-5e8632163c59,3641db7a-14ed-4805-bbab-ff9e6655a0dd,0.1
30,5eab9655-f967-45ef-b8fa-5e8632163c59,7defa35c-7e7e-43c4-bd14-769ece8bc79b,0.1
31,5eab9655-f967-45ef-b8fa-5e8632163c59,d1af5a15-d73d-4fb7-a155-28aad65d3b2b,0.1
32,5eab9655-f967-45ef-b8fa-5e8632163c59,21ee4c32-ac54-469d-a0ff-1b8036c4313e,0.1
33,5eab9655-f967-45ef-b8fa-5e8632163c59,026537ed-dc5e-4221-9a50-dbcf926bf1cb,0.1
34,5eab9655-f967-45ef-b8fa-5e8632163c59,bdea9f90-5418-461e-b248-189bd4104e6c,0.1
35,5eab9655-f967-45ef-b8fa-5e8632163c59,f7105275-e2fe-49ff-bfa5-6b97a7753a6e,0.1
36,5eab9655-f967-45ef-b8fa-5e8632163c59,c2997dba-c699-4fc0-afd3-d86d5fa11c50,0.1
37,5eab9655-f967-45ef-b8fa-5e8632163c59,1533bbc8-ed04-4af0-97bf-ca60308b8cc3,0.1
38,5eab9655-f967-45ef-b8fa-5e8632163c59,821be4e6-9c6e-4f20-95d6-86b97388ce64,0.1
39,5eab9655-f967-45ef-b8fa-5e8632163c59,7e335553-c1a3-47c2-8dea-6b5076b6b803,0.1
40,5eab9655-f967-45ef-b8fa-5e8632163c59,3932ad55-8ebd-4b0a-b0a4-260779b04fe8,0.1
41,5eab9655-f967-45ef-b8fa-5e8632163c59,a4d9548e-2e50-47f9-8741-e85331153012,0.1
42,5eab9655-f967-45ef-b8fa-5e8632163c59,122b13d5-930c-4b5a-9cd5-e076ecfa515a,0.1
43,5eab9655-f967-45ef-b8fa-5e8632163c59,eaa337d0-bc32-4c3c-86b4-508f5b4979a4,0.1
44,5eab9655-f967-45ef-b8fa-5e8632163c59,ab03acf4-a986-4c79-8648-d0782cd2f194,0.1
45,5eab9655-f967-45ef-b8fa-5e8632163c59,bf1e84d4-dbaf-410f-b986-dba9b1cb89cb,0.1
46,5eab9655-f967-45ef-b8fa-5e8632163c59,b6651081-4609-4891-8bbb-2f53b530e684,0.1
47,5eab9655-f967-45ef-b8fa-5e8632163c59,cdd02fa6-db28-4513-90e6-9bc06b2fcfe8,0.1
48,5eab9655-f967-45ef-b8fa-5e8632163c59,c5959b6a-795b-4121-bf4a-fa49e6e353ee,0.1
49,5eab9655-f967-45ef-b8fa-5e8632163c59,79281ed9-2a02-4501-b339-3e307cf17856,0.1
50,5eab9655-f967-45ef-b8fa-5e8632163c59,8f2047d4-57aa-4216-9ad8-decf8f233ffc,0.1
51,5eab9655-f967-45ef-b8fa-5e8632163c59,97ce5845-5d8a-4891-859d-6171ab3ae004,0.1
52,5eab9655-f967-45ef-b8fa-5e8632163c59,ba328a30-0cf0-4972-aedf-8fa377498665,0.1
53,5eab9655-f967-45ef-b8fa-5e8632163c59,6cd6d91f-5c88-4c50-bd79-914e11c677ec,0.1
54,5eab9655-f967-45ef-b8fa-5e8632163c59,8fb9a591-31c5-470f-9646-72e4f0697f66,0.1
55,5eab9655-f967-45ef-b8fa-5e8632163c59,81c2a166-c4f6-40b0-910f-1d31906da737,0.1
56,5eab9655-f967-45ef-b8fa-5e8632163c59,4bc60992-b3e0-4f82-8bde-d1b9b06a2262,0.1
57,5eab9655-f967-45ef-b8fa-5e8632163c59,da4df945-af0e-490c-bf1a-48a7ebe9ff43,0.1
58,5eab9655-f967-45ef-b8fa-5e8632163c59,67fe40fc-abdb-4db6-a50c-60c01315e817,0.1
59,5eab9655-f967-45ef-b8fa-5e8632163c59,2ef32ecd-beb0-41c2-bbd6-ef6375c3fa7f,0.1
60,5eab9655-f967-45ef-b8fa-5e8632163c59,bdedbb3f-f154-4c4a-b94a-b99a0dba2ad0,0.1
61,5eab9655-f967-45ef-b8fa-5e8632163c59,99c4fae8-0ea8-49af-ad77-7012dc8629d7,0.1
62,5eab9655-f967-45ef-b8fa-5e8632163c59,e191ab03-59c6-4d54-9938-473252b0978e,0.1
63,5eab9655-f967-45ef-b8fa-5e8632163c59,b389c903-cdf7-4415-81b3-b00ead5bb13e,0.1
64,5eab9655-f967-45ef-b8fa-5e8632163c59,7d31aa2a-bfbc-456a-9017-0d8f1fa26a4b,0.1
65,5eab9655-f967-45ef-b8fa-5e8632163c59,4f5f6dee-ea45-47ea-b96f-67a6f32396c5,0.1
66,5eab9655-f967-45ef-b8fa-5e8632163c59,be2b5410-df37-4e68-bf06-65c5fd40fd44,0.1
67,5eab9655-f967-45ef-b8fa-5e8632163c59,0106a830-ff1c-471c-bf4a-d08727499457,0.1
68,5eab9655-f967-45ef-b8fa-5e8632163c59,8c5b32d3-7255-4478-844e-e2c732c41118,0.1
69,5eab9655-f967-45ef-b8fa-5e8632163c59,31f4e1b6-99e6-4838-8a24-20298a00902a,0.1
70,5eab9655-f967-45ef-b8fa-5e8632163c59,95d2c8fc-a11f-41ed-94ff-8810a8458385,0.1
71,5eab9655-f967-45ef-b8fa-5e8632163c59,2f9e7dc6-d3c4-4205-b354-059293af5f9c,0.1
72,5eab9655-f967-45ef-b8fa-5e8632163c59,46ae0778-c9a9-4fb5-9605-d30a2be7d617,0.1
73,5eab9655-f967-45ef-b8fa-5e8632163c59,e79f501a-b524-45ea-86e4-e2b207c26db9,0.1
74,5eab9655-f967-45ef-b8fa-5e8632163c59,18e198db-f810-4f76-8106-a3aa2fd01aa1,0.1
75,5eab9655-f967-45ef-b8fa-5e8632163c59,49a50f8b-42a3-489a-b16c-dbc0b489c139,0.1
76,5eab9655-f967-45ef-b8fa-5e8632163c59,bdcc7e09-b48c-4569-b3ac-39e55cc79f0a,0.1
77,5eab9655-f967-45ef-b8fa-5e8632163c59,bd307ba0-d54b-4440-a111-06f52bde8ec1,0.1
78,5eab9655-f967-45ef-b8fa-5e8632163c59,79f892b5-66e5-4b15-ad50-8c41666991f6,0.1
79,5eab9655-f967-45ef-b8fa-5e8632163c59,fe1fd006-20ba-40a5-b359-ee23c75ba983,0.1
80,5eab9655-f967-45ef-b8fa-5e8632163c59,0735df5a-01eb-4a1f-8dd4-9c1ab34299c6,0.1
81,5eab9655-f967-45ef-b8fa-5e8632163c59,15ecf7fd-ed1a-47b7-b587-fc53dfca6556,0.1
82,5eab9655-f967-45ef-b8fa-5e8632163c59,54da4e3a-4c97-4431-bef9-03a9d1d59a35,0.1
83,5eab9655-f967-45ef-b8fa-5e8632163c59,819c687f-2259-4d67-a6a0-3ccbb08e9dc0,0.1
84,5eab9655-f967-45ef-b8fa-5e8632163c59,b3867c54-5ad4-419b-ba81-81dba63b00f6,0.1
85,5eab9655-f967-45ef-b8fa-5e8632163c59,2a11459e-2559-4068-87d3-91bf2a160bbb,0.1
86,5eab9655-f967-45ef-b8fa-5e8632163c59,920d5181-5468-4c6d-86b2-566db7aa4c1e,0.1
87,5eab9655-f967-45ef-b8fa-5e8632163c59,f7502114-2be2-495d-96b0-f55b17fd897e,0.1
88,5eab9655-f967-45ef-b8fa-5e8632163c59,b2d419fb-5558-4e10-9094-587d177371f7,0.1
89,5eab9655-f967-45ef-b8fa-5e8632163c59,f09258fb-23c8-4f93-bbb6-3cb3317ec039,0.1
90,5eab9655-f967-45ef-b8fa-5e8632163c59,98cfd26d-c4fa-4909-951c-a99e568bff7f,0.1
91,5eab9655-f967-45ef-b8fa-5e8632163c59,d6501908-ed9c-4f5d-b2fc-2b8977f05112,0.1
92,5eab9655-f967-45ef-b8fa-5e8632163c59,c37324c8-a4c6-4f89-a730-8e37f2028b73,0.1
93,5eab9655-f967-45ef-b8fa-5e8632163c59,8caf3cb8-dac9-460e-95d0-5f1e0901e37f,0.1
94,5eab9655-f967-45ef-b8fa-5e8632163c59,96c7106a-385c-4236-ac7e-66b5c19af7c6,0.1
95,5eab9655-f967-45ef-b8fa-5e8632163c59,48dfd119-97e2-4c71-af16-42c292d3efbe,0.1
96,5eab9655-f967-45ef-b8fa-5e8632163c59,d2b57d76-4a24-48d9-97c1-fa0b86a9c5e9,0.1
97,5eab9655-f967-45ef-b8fa-5e8632163c59,eb6b9b0e-02cb-4c5e-b8da-5dcd130bd5bc,0.1
98,5eab9655-f967-45ef-b8fa-5e8632163c59,057fbbfc-7abe-4957-b844-b58fd560e41a,0.1
99,5eab9655-f967-45ef-b8fa-5e8632163c59,915b778c-5c85-4721-9c3e-963df276dc87,0.1
100,5eab9655-f967-45ef-b8fa-5e8632163c59,e7ec3e5f-2e55-47bb-8147-da65129931d2,0.1
101,d3ebc60d-6c75-40d4-a437-56a6a17c2f55,5eab9655-f967-45ef-b8fa-5e8632163c59,0.1
102,30c60ac1-5a2c-4360-a83b-5670beffadf0,5eab9655-f967-45ef-b8fa-5e8632163c59,0.1
103,22be1688-b960-4ca4-802f-6f9f48a0cd7f,5eab9655-f967-45ef-b8fa-5e8632163c59,0.1
104,8f267016-ccc3-46ce-8a50-87a48cfe8cfb,5eab9655-f967-45ef-b8fa-5e8632163c59,0.1
105,a22b9f8f-fb3a-495b-b939-127b8a159db6,5eab9655-f967-45ef-b8fa-5e8632163c59,0.1
106,24a7de6b-7feb-42dc-a4eb-12293e3231e7,5eab9655-f967-45ef-b8fa-5e8632163c59,0.1
107,ddecd554-bdb4-4478-a423-b961673d5fcd,5eab9655-f967-45ef-b8fa-5e8632163c59,0.1
108,e347a7ff-59bb-4588-813b-18f0d6dfd0d4,5eab9655-f967-45ef-b8fa-5e8632163c59,0.1
109,b6b0a20e-3c2c-4c08-9fc7-4c1883d7511e,5eab9655-f967-45ef-b8fa-5e8632163c59,0.1
110,53c377a4-7f57-4cfb-bb48-aee60a01e5ba,5eab9655-f967-45ef-b8fa-5e8632163c59,0.1
111,8a1371b5-ebf2-4821-b29c-0e66a0af0046,5eab9655-f967-45ef-b8fa-5e8632163c59,0.1
112,1a8d5916-3b31-474b-9e12-0baea395a747,5eab9655-f967-45ef-b8fa-5e8632163c59,0.1
113,54a2ffb7-ccbd-4fb7-8d06-ee8d2d27428b,5eab9655-f967-45ef-b8fa-5e8632163c59,0.1
114,218a9e10-6bb5-44b6-b64e-615110a34796,5eab9655-f967-45ef-b8fa-5e8632163c59,0.1
115,4a9e847f-12ac-4614-95d7-11a9c0c3bd0e,5eab9655-f967-45ef-b8fa-5e8632163c59,0.1
116,95492dec-ec81-49fc-8736-c3aa2179d105,5eab9655-f967-45ef-b8fa-5e8632163c59,0.1
117,1639b9ae-873d-4069-96a8-06f521b95273,5eab9655-f967-45ef-b8fa-5e8632163c59,0.1
118,a9ae66ec-920d-4a19-9f44-9f7894928231,5eab9655-f967-45ef-b8fa-5e8632163c59,0.1
119,0f38d1d3-8b84-4d12-aebc-5ae45eacf1bd,5eab9655-f967-45ef-b8fa-5e8632163c59,0.1
120,1ceaa55d-07be-495d-be1e-3eafa6cbd536,5eab9655-f967-45ef-b8fa-5e8632163c59,0.1
121,a41d4a8e-ef7e-45c4-91d0-1c94b590da19,5eab9655-f967-45ef-b8fa-5e8632163c59,0.1
122,c3f12187-ff01-484b-a252-67c000b9e64e,5eab9655-f967-45ef-b8fa-5e8632163c59,0.1
123,4db8df8e-e905-4484-9f6f-e48ae0eb215b,5eab9655-f967-45ef-b8fa-5e8632163c59,0.1
124,5043e802-4da4-4bc2-a4bd-a48892acd9a5,5eab9655-f967-45ef-b8fa-5e8632163c59,0.1
125,4668c5fc-e800-4462-b6e6-90f240467695,5eab9655-f967-45ef-b8fa-5e8632163c59,0.1
126,ccc421a9-43ce-4f52-8dd7-5b23b6d5b8d1,5eab9655-f967-45ef-b8fa-5e8632163c59,0.1
127,9a192d83-73d3-4f58-87b1-a0020a152664,5eab9655-f967-45ef-b8fa-5e8632163c59,0.1
128,a6364616-8455-4142-a4ee-84c46dce12bf,5eab9655-f967-45ef-b8fa-5e8632163c59,0.1
129,6df6cd29-24b5-4630-b5c7-521abf8c0d79,5eab9655-f967-45ef-b8fa-5e8632163c59,0.1
130,3641db7a-14ed-4805-bbab-ff9e6655a0dd,5eab9655-f967-45ef-b8fa-5e8632163c59,0.1
131,7defa35c-7e7e-43c4-bd14-769ece8bc79b,5eab9655-f967-45ef-b8fa-5e8632163c59,0.1
132,d1af5a15-d73d-4fb7-a155-28aad65d3b2b,5eab9655-f967-45ef-b8fa-5e8632163c59,0.1
133,21ee4c32-ac54-469d-a0ff-1b8036c4313e,5eab9655-f967-45ef-b8fa-5e8632163c59,0.1
134,026537ed-dc5e-4221-9a50-dbcf926bf1cb,5eab9655-f967-45ef-b8fa-5e8632163c59,0.1
135,bdea9f90-5418-461e-b248-189bd4104e6c,5eab9655-f967-45ef-b8fa-5e8632163c59,0.1
136,f7105275-e2fe-49ff-bfa5-6b97a7753a6e,5eab9655-f967-45ef-b8fa-5e8632163c59,0.1
137,c2997dba-c699-4fc0-afd3-d86d5fa11c50,5eab9655-f967-45ef-b8fa-5e8632163c59,0.1
138,1533bbc8-ed04-4af0-97bf-ca60308b8cc3,5eab9655-f967-45ef-b8fa-5e8632163c59,0.1
139,821be4e6-9c6e-4f20-95d6-86b97388ce64,5eab9655-f967-45ef-b8fa-5e8632163c59,0.1
140,7e335553-c1a3-47c2-8dea-6b5076b6b803,5eab9655-f967-45ef-b8fa-5e8632163c59,0.1
141,3932ad55-8ebd-4b0a-b0a4-260779b04fe8,5eab9655-f967-45ef-b8fa-5e8632163c59,0.1
142,a4d9548e-2e50-47f9-8741-e85331153012,5eab9655-f967-45ef-b8fa-5e8632163c59,0.1
143,122b13d5-930c-4b5a-9cd5-e076ecfa515a,5eab9655-f967-45ef-b8fa-5e8632163c59,0.1
144,eaa337d0-bc32-4c3c-86b4-508f5b4979a4,5eab9655-f967-45ef-b8fa-5e8632163c59,0.1
145,ab03acf4-a986-4c79-8648-d0782cd2f194,5eab9655-f967-45ef-b8fa-5e8632163c59,0.1
146,bf1e84d4-dbaf-410f-b986-dba9b1cb89cb,5eab9655-f967-45ef-b8fa-5e8632163c59,0.1
147,b6651081-4609-4891-8bbb-2f53b530e684,5eab9655-f967-45ef-b8fa-5e8632163c59,0.1
148,cdd02fa6-db28-4513-90e6-9bc06b2fcfe8,5eab9655-f967-45ef-b8fa-5e8632163c59,0.1
149,c5959b6a-795b-4121-bf4a-fa49e6e353ee,5eab9655-f967-45ef-b8fa-5e8632163c59,0.1
150,79281ed9-2a02-4501-b339-3e307cf17856,5eab9655-f967-45ef-b8fa-5e8632163c59,0.1
151,8f2047d4-57aa-4216-9ad8-decf8f233ffc,5eab9655-f967-45ef-b8fa-5e8632163c59,0.1
152,97ce5845-5d8a-4891-859d-6171ab3ae004,5eab9655-f967-45ef-b8fa-5e8632163c59,0.1
153,ba328a30-0cf0-4972-aedf-8fa377498665,5eab9655-f967-45ef-b8fa-5e8632163c59,0.1
154,6cd6d91f-5c88-4c50-bd79-914e11c677ec,5eab9655-f967-45ef-b8fa-5e8632163c59,0.1
155,8fb9a591-31c5-470f-9646-72e4f0697f66,5eab9655-f967-45ef-b8fa-5e8632163c59,0.1
156,81c2a166-c4f6-40b0-910f-1d31906da737,5eab9655-f967-45ef-b8fa-5e8632163c59,0.1
157,4bc60992-b3e0-4f82-8bde-d1b9b06a2262,5eab9655-f967-45ef-b8fa-5e8632163c59,0.1
158,da4df945-af0e-490c-bf1a-48a7ebe9ff43,5eab9655-f967-45ef-b8fa-5e8632163c59,0.1
159,67fe40fc-abdb-4db6-a50c-60c01315e817,5eab9655-f967-45ef-b8fa-5e8632163c59,0.1
160,2ef32ecd-beb0-41c2-bbd6-ef6375c3fa7f,5eab9655-f967-45ef-b8fa-5e8632163c59,0.1
161,bdedbb3f-f154-4c4a-b94a-b99a0dba2ad0,5eab9655-f967-45ef-b8fa-5e8632163c59,0.1
162,99c4fae8-0ea8-49af-ad77-7012dc8629d7,5eab9655-f967-45ef-b8fa-5e8632163c59,0.1
163,e191ab03-59c6-4d54-9938-473252b0978e,5eab9655-f967-45ef-b8fa-5e8632163c59,0.1
164,b389c903-cdf7-4415-81b3-b00ead5bb13e,5eab9655-f967-45ef-b8fa-5e8632163c59,0.1
165,7d31aa2a-bfbc-456a-9017-0d8f1fa26a4b,5eab9655-f967-45ef-b8fa-5e8632163c59,0.1
166,4f5f6dee-ea45-47ea-b96f-67a6f32396c5,5eab9655-f967-45ef-b8fa-5e8632163c59,0.1
167,be2b5410-df37-4e68-bf06-65c5fd40fd44,5eab9655-f967-45ef-b8fa-5e8632163c59,0.1
168,0106a830-ff1c-471c-bf4a-d08727499457,5eab9655-f967-45ef-b8fa-5e8632163c59,0.1
169,8c5b32d3-7255-4478-844e-e2c732c41118,5eab9655-f967-45ef-b8fa-5e8632163c59,0.1
170,31f4e1b6-99e6-4838-8a24-20298a00902a,5eab9655-f967-45ef-b8fa-5e8632163c59,0.1
171,95d2c8fc-a11f-41ed-94ff-8810a8458385,5eab9655-f967-45ef-b8fa-5e8632163c59,0.1
172,2f9e7dc6-d3c4-4205-b354-059293af5f9c,5eab9655-f967-45ef-b8fa-5e8632163c59,0.1
173,46ae0778-c9a9-4fb5-9605-d30a2be7d617,5eab9655-f967-45ef-b8fa-5e8632163c59,0.1
174,e79f501a-b524-45ea-86e4-e2b207c26db9,5eab9655-f967-45ef-b8fa-5e8632163c59,0.1
175,18e198db-f810-4f76-8106-a3aa2fd01aa1,5eab9655-f967-45ef-b8fa-5e8632163c59,0.1
176,49a50f8b-42a3-489a-b16c-dbc0b489c139,5eab9655-f967-45ef-b8fa-5e8632163c59,0.1
177,bdcc7e09-b48c-4569-b3ac-39e55cc79f0a,5eab9655-f967-45ef-b8fa-5e8632163c59,0.1
178,bd307ba0-d54b-4440-a111-06f52bde8ec1,5eab9655-f967-45ef-b8fa-5e8632163c59,0.1
179,79f892b5-66e5-4b15-ad50-8c41666991f6,5eab9655-f967-45ef-b8fa-5e8632163c59,0.1
180,fe1fd006-20ba-40a5-b359-ee23c75ba983,5eab9655-f967-45ef-b8fa-5e8632163c59,0.1
181,0735df5a-01eb-4a1f-8dd4-9c1ab34299c6,5eab9655-f967-45ef-b8fa-5e8632163c59,0.1
182,15ecf7fd-ed1a-47b7-b587-fc53dfca6556,5eab9655-f967-45ef-b8fa-5e8632163c59,0.1
183,54da4e3a-4c97-4431-bef9-03a9d1d59a35,5eab9655-f967-45ef-b8fa-5e8632163c59,0.1
184,819c687f-2259-4d67-a6a0-3ccbb08e9dc0,5eab9655-f967-45ef-b8fa-5e8632163c59,0.1
185,b3867c54-5ad4-419b-ba81-81dba63b00f6,5eab9655-f967-45ef-b8fa-5e8632163c59,0.1
186,2a11459e-2559-4068-87d3-91bf2a160bbb,5eab9655-f967-45ef-b8fa-5e8632163c59,0.1
187,920d5181-5468-4c6d-86b2-566db7aa4c1e,5eab9655-f967-45ef-b8fa-5e8632163c59,0.1
188,f7502114-2be2-495d-96b0-f55b17fd897e,5eab9655-f967-45ef-b8fa-5e8632163c59,0.1
189,b2d419fb-5558-4e10-9094-587d177371f7,5eab9655-f967-45ef-b8fa-5e8632163c59,0.1
190,f09258fb-23c8-4f93-bbb6-3cb3317ec039,5eab9655-f967-45ef-b8fa-5e8632163c59,0.1
191,98cfd26d-c4fa-4909-951c-a99e568bff7f,5eab9655-f967-45ef-b8fa-5e8632163c59,0.1
192,d6501908-ed9c-4f5d-b2fc-2b8977f05112,5eab9655-f967-45ef-b8fa-5e8632163c59,0.1
193,c37324c8-a4c6-4f89-a730-8e37f2028b73,5eab9655-f967-45ef-b8fa-5e8632163c59,0.1
194,8caf3cb8-dac9-460e-95d0-5f1e0901e37f,5eab9655-f967-45ef-b8fa-5e8632163c59,0.1
195,96c7106a-385c-4236-ac7e-66b5c19af7c6,5eab9655-f967-45ef-b8fa-5e8632163c59,0.1
196,48dfd119-97e2-4c71-af16-42c292d3efbe,5eab9655-f967-45ef-b8fa-5e8632163c59,0.1
197,d2b57d76-4a24-48d9-97c1-fa0b86a9c5e9,5eab9655-f967-45ef-b8fa-5e8632163c59,0.1
198,eb6b9b0e-02cb-4c5e-b8da-5dcd130bd5bc,5eab9655-f967-45ef-b8fa-5e8632163c59,0.1
199,057fbbfc-7abe-4957-b844-b58fd560e41a,5eab9655-f967-45ef-b8fa-5e8632163c59,0.1
200,915b778c-5c85-4721-9c3e-963df276dc87,5eab9655-f967-45ef-b8fa-5e8632163c59,0.1
201,e7ec3e5f-2e55-47bb-8147-da65129931d2,5eab9655-f967-45ef-b8fa-5e8632163c59,0.1
202,d931a752-4a38-4aa5-9a43-11584b63595e,5eab9655-f967-45ef-b8fa-5e8632163c59,0.1
203,5353420b-b823-41b9-8ced-5686a17c1a5e,5eab9655-f967-45ef-b8fa-5e8632163c59,0.1
204,a5244d47-0352-4647-a2ec-f764b38677d9,5eab9655-f967-45ef-b8fa-5e8632163c59,0.1
205,709600cb-ef63-487f-9d55-76fb7626ad17,5eab9655-f967-45ef-b8fa-5e8632163c59,0.1
206,3327c921-97f2-47b9-a020-f371da90c0b3,5eab9655-f967-45ef-b8fa-5e8632163c59,0.1
207,d47b00d9-6d95-4baf-a90e-6c6959a86582,5eab9655-f967-45ef-b8fa-5e8632163c59,0.1
208,0aaab788-86aa-4bac-b189-fce949f27423,5eab9655-f967-45ef-b8fa-5e8632163c59,0.1
209,6387fb3e-22a4-446f-b1ec-88fde6d84979,5eab9655-f967-45ef-b8fa-5e8632163c59,0.1
210,e0dfe1f1-a90f-4e5c-9d79-b97c728b9eec,5eab9655-f967-45ef-b8fa-5e8632163c59,0.1
211,f61f3c77-c8e4-4307-87ce-b7d7e32cb4dc,5eab9655-f967-45ef-b8fa-5e8632163c59,0.1
212,b1347e16-759e-42c6-ba01-4855e8867dec,5eab9655-f967-45ef-b8fa-5e8632163c59,0.1
213,095d7ffe-87a7-483a-ac8f-d4599622f7b7,5eab9655-f967-45ef-b8fa-5e8632163c59,0.1
214,afc13501-a76d-436b-b1fa-c1595d028ed1,5eab9655-f967-45ef-b8fa-5e8632163c59,0.1
215,cf233c53-56f5-4d52-8a37-8cd79a3027db,5eab9655-f967-45ef-b8fa-5e8632163c59,0.1
216,19b80eaf-16a4-4fd1-996b-e8653ac32683,5eab9655-f967-45ef-b8fa-5e8632163c59,0.1
217,caa1f83e-ad73-4c8f-b322-4e390e37002c,5eab9655-f967-45ef-b8fa-5e8632163c59,0.1
218,aeddf788-54ab-46cc-931c-04185f8abf2d,5eab9655-f967-45ef-b8fa-5e8632163c59,0.1
219,7dd12c73-5b87-4ce0-946a-2291df3acc5d,5eab9655-f967-45ef-b8fa-5e8632163c59,0.1
220,06c0deb4-a2cf-4f9b-b6b0-d50c1abdae03,5eab9655-f967-45ef-b8fa-5e8632163c59,0.1
221,d8d821e7-e775-4c5e-a2c7-bdd367588afe,5eab9655-f967-45ef-b8fa-5e8632163c59,0.1
222,a6d3e16f-1e40-4254-a651-9467809f891e,5eab9655-f967-45ef-b8fa-5e8632163c59,0.1
223,c4a4cac0-9689-4dfb-9cd6-c676ace77a74,5eab9655-f967-45ef-b8fa-5e8632163c59,0.1
224,f0c9b21c-1fa5-4b71-8e46-a61e6acf42ba,5eab9655-f967-45ef-b8fa-5e8632163c59,0.1
225,8fa80f8f-6ea8-4761-ae06-4b25c64173a9,5eab9655-f967-45ef-b8fa-5e8632163c59,0.1
226,6f2fb4f1-0d57-4455-86d2-2678bf7f6a77,5eab9655-f967-45ef-b8fa-5e8632163c59,0.1
227,b67d1359-31cf-4f0c-b8e1-d91aebaebc95,5eab9655-f967-45ef-b8fa-5e8632163c59,0.1
228,6118b69a-203c-4e84-b14d-2f86ac9c66a5,5eab9655-f967-45ef-b8fa-5e8632163c59,0.1
229,43dd327b-28b6-47ca-8348-9a95dc4a2591,5eab9655-f967-45ef-b8fa-5e8632163c59,0.1
230,167b5fa3-81fe-4c2d-80c9-ae0a9171c332,5eab9655-f967-45ef-b8fa-5e8632163c59,0.1
231,60827007-64d8-4dbc-a451-b23982b3d940,5eab9655-f967-45ef-b8fa-5e8632163c59,0.1
232,7a1a6beb-5c46-40e9-8349-392d9fc9165b,5eab9655-f967-45ef-b8fa-5e8632163c59,0.1
233,cb119d29-6216-4063-aa76-f4e22a592671,5eab9655-f967-45ef-b8fa-5e8632163c59,0.1
234,974bb970-5064-43ac-8563-7adfc7d08639,5eab9655-f967-45ef-b8fa-5e8632163c59,0.1
235,ae24469b-1855-4e51-8381-1c0ab2234775,5eab9655-f967-45ef-b8fa-5e8632163c59,0.1
236,e7827855-2e4e-4a9d-9cd4-3123422b4ecb,5eab9655-f967-45ef-b8fa-5e8632163c59,0.1
237,eba0ce53-cdd2-4ef6-b2be-1799fd538eb0,5eab9655-f967-45ef-b8fa-5e8632163c59,0.1
238,127cbe66-1752-44f1-b49c-cf9ffb9dac50,5eab9655-f967-45ef-b8fa-5e8632163c59,0.1
239,fa8f9c9e-e861-4c75-ac21-cd4ca57e4001,5eab9655-f967-45ef-b8fa-5e8632163c59,0.1
240,72eca450-8282-4d08-8d26-100b8a009e49,5eab9655-f967-45ef-b8fa-5e8632163c59,0.1
241,a14af3b5-9f55-47bf-a0e4-a2db14deeb98,5eab9655-f967-45ef-b8fa-5e8632163c59,0.1
242,cccd0ec1-313a-4d79-9bc5-320cebf53732,5eab9655-f967-45ef-b8fa-5e8632163c59,0.1
243,9ff7b075-bbd5-426b-bf12-baacfe65f421,5eab9655-f967-45ef-b8fa-5e8632163c59,0.1
244,92401724-42b2-4198-b978-c9cf9630bee2,5eab9655-f967-45ef-b8fa-5e8632163c59,0.1
245,c02eb576-046f-4c74-bb6b-fc2aaa859efe,5eab9655-f967-45ef-b8fa-5e8632163c59,0.1
246,c76dda6d-ec58-44af-8392-cf985e2cbc1f,5eab9655-f967-45ef-b8fa-5e8632163c59,0.1
247,c14f22c3-99b1-4baf-a7c5-f67752b95fcb,5eab9655-f967-45ef-b8fa-5e8632163c59,0.1
248,87aa5058-52af-480b-ae5e-e2fdaee2e47c,5eab9655-f967-45ef-b8fa-5e8632163c59,0.1
249,b8d5ecab-b61f-4d43-bbe7-3d59efd24617,5eab9655-f967-45ef-b8fa-5e8632163c59,0.1
250,9aaae88f-fcdc-44be-9136-a20b586d0072,5eab9655-f967-45ef-b8fa-5e8632163c59,0.1
251,edd72306-e28d-4f2c-9922-5d2cd9bb2635,5eab9655-f967-45ef-b8fa-5e8632163c59,0.1
252,c2026efa-9f63-4bde-8213-5273e174b7e6,5eab9655-f967-45ef-b8fa-5e8632163c59,0.1
253,7c9e2a02-aacf-4f82-bbb3-b2af586e815d,5eab9655-f967-45ef-b8fa-5e8632163c59,0.1
254,6cad8bd9-c54a-4146-aa37-5a843598b842,5eab9655-f967-45ef-b8fa-5e8632163c59,0.1
255,6ceb0c28-ac82-4eae-a456-9b4570c869eb,5eab9655-f967-45ef-b8fa-5e8632163c59,0.1
256,63f7049e-7dbb-4196-9ff1-1a59cf966ce1,5eab9655-f967-45ef-b8fa-5e8632163c59,0.1
257,6102aec8-66f1-42bf-8c51-3e9ff7e6a6ea,5eab9655-f967-45ef-b8fa-5e8632163c59,0.1
258,6b8a11f8-bc1a-4a23-b446-93985656fd21,5eab9655-f967-45ef-b8fa-5e8632163c59,0.1
259,e2c000ab-fb7b-4636-98b7-90c8630ef49d,5eab9655-f967-45ef-b8fa-5e8632163c59,0.1
260,8c46cbd3-5de9-49ec-9055-36e8c8c45f7b,5eab9655-f967-45ef-b8fa-5e8632163c59,0.1
261,f3e03386-0b32-4826-9c27-5503cc98e73e,5eab9655-f967-45ef-b8fa-5e8632163c59,0.1
262,33739865-d252-4a2f-a84d-28e6ded314f1,5eab9655-f967-45ef-b8fa-5e8632163c59,0.1
263,94b8382a-5526-413e-aee3-fd98fcc646d1,5eab9655-f967-45ef-b8fa-5e8632163c59,0.1
264,49b70414-ca43-48e7-8dfe-964d3bf4199b,5eab9655-f967-45ef-b8fa-5e8632163c59,0.1
265,10b51387-5c88-4cb6-9bb5-633914bd11c3,5eab9655-f967-45ef-b8fa-5e8632163c59,0.1
266,9c736a8e-435f-43c0-9b5d-8d2a54e1261c,5eab9655-f967-45ef-b8fa-5e8632163c59,0.1
267,4d8fc9ee-81c8-4f33-81b0-570bdf5e7082,5eab9655-f967-45ef-b8fa-5e8632163c59,0.1
268,62fa01e6-1c19-43e5-af66-725a4f59b4e3,5eab9655-f967-45ef-b8fa-5e8632163c59,0.1
269,1aff029c-661a-42a8-a035-e1164b08e385,5eab9655-f967-45ef-b8fa-5e8632163c59,0.1
270,b2ec2c1d-65ca-4481-b793-9322790ed372,5eab9655-f967-45ef-b8fa-5e8632163c59,0.1
271,57c9a3b0-e377-425d-8049-923ae8f046e3,5eab9655-f967-45ef-b8fa-5e8632163c59,0.1
272,88239938-8f81-40af-abf3-ff33862e3a4a,5eab9655-f967-45ef-b8fa-5e8632163c59,0.1
273,91d9e95b-c0e4-4170-9ba2-953dec7eaefc,5eab9655-f967-45ef-b8fa-5e8632163c59,0.1
274,01b6acf1-17a3-4f09-9a18-5122ca6674f9,5eab9655-f967-45ef-b8fa-5e8632163c59,0.1
275,f9a3d704-ed1a-4ae8-ba4b-efb0de1e7a24,5eab9655-f967-45ef-b8fa-5e8632163c59,0.1
276,d96b21da-5d87-44b5-9fc7-4371a503b53d,5eab9655-f967-45ef-b8fa-5e8632163c59,0.1
277,5a475c9c-af07-4c41-b609-fafb77d5ad4d,5eab9655-f967-45ef-b8fa-5e8632163c59,0.1
278,30513646-682b-44f2-91be-dd3ac3d99df6,5eab9655-f967-45ef-b8fa-5e8632163c59,0.1
279,87488684-753c-4620-a648-7d2413ea9955,5eab9655-f967-45ef-b8fa-5e8632163c59,0.1
280,0bf81073-f5b5-4fb4-9af7-2ff2c9228331,5eab9655-f967-45ef-b8fa-5e8632163c59,0.1
281,83444641-6442-4b38-a7c7-a133b75a44ab,5eab9655-f967-45ef-b8fa-5e8632163c59,0.1
282,65555805-7127-4a1e-84bc-b38630e97761,5eab9655-f967-45ef-b8fa-5e8632163c59,0.1
283,70bc8a6e-688a-4928-b51b-e69530a1d7df,5eab9655-f967-45ef-b8fa-5e8632163c59,0.1
284,79b11802-b03a-49bd-a419-f1fcdc2692e4,5eab9655-f967-45ef-b8fa-5e8632163c59,0.1
285,62dd8231-a972-48e3-bcf8-5a6ca49b20bd,5eab9655-f967-45ef-b8fa-5e8632163c59,0.1
286,0ba353d4-c383-4b56-9f20-dca8a555f9b5,5eab9655-f967-45ef-b8fa-5e8632163c59,0.1
287,cc32a09f-0352-4fff-8174-ffa43f84e290,5eab9655-f967-45ef-b8fa-5e8632163c59,0.1
288,e7a677fc-d8b4-42e7-a2ac-794fb47a5520,5eab9655-f967-45ef-b8fa-5e8632163c59,0.1
289,2dc84b43-f1fe-4567-a963-1859d909190a,5eab9655-f967-45ef-b8fa-5e8632163c59,0.1
290,1c8218ad-f061-4a05-990d-0d78d93a0a96,5eab9655-f967-45ef-b8fa-5e8632163c59,0.1
291,a6a9ef06-0c6f-47ba-8a78-8a9361991371,5eab9655-f967-45ef-b8fa-5e8632163c59,0.1
292,7f648701-4b5b-4380-a4f9-f8c523504709,5eab9655-f967-45ef-b8fa-5e8632163c59,0.1
293,f9673aa1-ecc8-4b83-8172-4ac6a9ca0760,5eab9655-f967-45ef-b8fa-5e8632163c59,0.1
294,90986149-2843-4777-94b3-c2d54f1f0136,5eab9655-f967-45ef-b8fa-5e8632163c59,0.1
295,e6e64db8-3eca-4695-b245-f69b7a29105f,5eab9655-f967-45ef-b8fa-5e8632163c59,0.1
296,3b804159-f360-46bf-8c4f-503cf1f34afe,5eab9655-f967-45ef-b8fa-5e8632163c59,0.1
297,7a3a02f5-db68-4eee-b0c6-59f584c5bab6,5eab9655-f967-45ef-b8fa-5e8632163c59,0.1
298,124a79d1-82df-4050-8ec6-9abefd45e9b3,5eab9655-f967-45ef-b8fa-5e8632163c59,0.1
299,c328c42e-a46e-4ed1-b65b-2a31ce9fef30,5eab9655-f967-45ef-b8fa-5e8632163c59,0.1
300,fac8360c-40e0-49d4-a570-2630d7e5992f,5eab9655-f967-45ef-b8fa-5e8632163c59,0.1
301,6c86b360-530d-405c-b972-7a25035f8d11,5eab9655-f967-45ef-b8fa-5e8632163c59,0.1
302,02fcdcca-ca7d-40e5-90dd-85de244dc59b,5eab9655-f967-45ef-b8fa-5e8632163c59,0.1
303,206ce115-4387-4c01-8779-e6d58159158b,5eab9655-f967-45ef-b8fa-5e8632163c59,0.1
304,5259a25f-52dc-4a54-aa99-740f52581383,5eab9655-f967-45ef-b8fa-5e8632163c59,0.1
305,e78551da-6c82-446b-98d8-4d574cad77f5,5eab9655-f967-45ef-b8fa-5e8632163c59,0.1
306,2d9827d7-e63b-445c-83bc-1cb8acd020ff,5eab9655-f967-45ef-b8fa-5e8632163c59,0.1
307,abf89bb6-7769-4f3e-8298-78aecd06cd35,5eab9655-f967-45ef-b8fa-5e8632163c59,0.1
308,1eed0128-3e04-4ad9-9ae8-b0ca2bda1f7c,5eab9655-f967-45ef-b8fa-5e8632163c59,0.1
309,4f304125-3977-4e57-b33f-639faa0afd5c,5eab9655-f967-45ef-b8fa-5e8632163c59,0.1
310,a807a49f-991b-4fc2-9f60-73a4f5ca14cd,5eab9655-f967-45ef-b8fa-5e8632163c59,0.1
311,da3eae02-d137-4be3-8fde-e5f4c2eea2a1,5eab9655-f967-45ef-b8fa-5e8632163c59,0.1
312,ee35ccad-a1c6-414a-94d7-fe26e2be060b,5eab9655-f967-45ef-b8fa-5e8632163c59,0.1
313,8d56261d-6dca-4de8-bbb7-8a193057df6e,5eab9655-f967-45ef-b8fa-5e8632163c59,0.1
314,b2e5e044-c584-497a-b01e-464ceebb2ad3,5eab9655-f967-45ef-b8fa-5e8632163c59,0.1
315,726eb735-ff41-4f49-8738-4031ea46e0c2,5eab9655-f967-45ef-b8fa-5e8632163c59,0.1
316,ab416118-012c-4619-9491-e939beb17915,5eab9655-f967-45ef-b8fa-5e8632163c59,0.1
317,aff4b695-3325-42b7-ab4e-a424a4d6485a,5eab9655-f967-45ef-b8fa-5e8632163c59,0.1
318,44ba0a2f-03ff-4149-a79c-0d58753a213e,5eab9655-f967-45ef-b8fa-5e8632163c59,0.1
319,3ddd1835-4d25-455c-9b9d-7c8188acd383,5eab9655-f967-45ef-b8fa-5e8632163c59,0.1
320,242f30f6-c989-4451-b733-8f27bef0aa6b,5eab9655-f967-45ef-b8fa-5e8632163c59,0.1
321,8567d14d-8775-4ff9-8017-7a9650169907,5eab9655-f967-45ef-b8fa-5e8632163c59,0.1
322,64e7b9bb-df03-44c7-a02e-8a5a15582357,5eab9655-f967-45ef-b8fa-5e8632163c59,0.1
323,0f3ed5ff-e560-4efd-bb3f-ed176057210b,5eab9655-f967-45ef-b8fa-5e8632163c59,0.1
324,bf73ddcd-91b6-4edf-a4fb-895e7672916e,5eab9655-f967-45ef-b8fa-5e8632163c59,0.1
325,cadceffa-6eb7-4c47-8a5d-57c2173c0e86,5eab9655-f967-45ef-b8fa-5e8632163c59,0.1
326,0c6c9866-e50e-4eae-9b8d-460a02b7a26b,5eab9655-f967-45ef-b8fa-5e8632163c59,0.1
327,889c41ec-b97c-4ed9-adf6-c497b8d2083d,5eab9655-f967-45ef-b8fa-5e8632163c59,0.1
328,b24d0a00-b931-4148-8874-6b5b063c078e,5eab9655-f967-45ef-b8fa-5e8632163c59,0.1
329,c1f0a9b9-73b9-4c87-bcc8-4c649e3b1d6b,5eab9655-f967-45ef-b8fa-5e8632163c59,0.1
330,671684f3-3d9e-464b-83be-8fb4fd49d4ea,5eab9655-f967-45ef-b8fa-5e8632163c59,0.1
331,3c420a6e-7a2c-473d-9f8d-c4188bdbedbf,5eab9655-f967-45ef-b8fa-5e8632163c59,0.1
332,f1504e67-b345-4c30-a49f-ac9acdb76c59,5eab9655-f967-45ef-b8fa-5e8632163c59,0.1
333,9f0127d6-6075-4920-a740-9a64102858c2,5eab9655-f967-45ef-b8fa-5e8632163c59,0.1
334,2a040f11-a808-47a1-a318-2a7b9b5b2894,5eab9655-f967-45ef-b8fa-5e8632163c59,0.1
335,5b4126a0-950c-4a7f-8f95-6e96bd2d6cce,5eab9655-f967-45ef-b8fa-5e8632163c59,0.1
336,ff14956b-547f-4ab3-8cf0-f9e8db7ae538,5eab9655-f967-45ef-b8fa-5e8632163c59,0.1
337,b9f21bb7-aa1a-42cf-8f1b-fdbbec0111e8,5eab9655-f967-45ef-b8fa-5e8632163c59,0.1
338,ae8a8f59-6690-473b-baab-8cb4af96b8a7,5eab9655-f967-45ef-b8fa-5e8632163c59,0.1
339,6f7a2ea9-019e-4881-aa63-81cfa7f1387f,5eab9655-f967-45ef-b8fa-5e8632163c59,0.1
340,d920aaca-432d-45cd-a9e3-60641470bb7f,5eab9655-f967-45ef-b8fa-5e8632163c59,0.1
341,5743cd4c-941f-44f0-b196-562c334cbe44,5eab9655-f967-45ef-b8fa-5e8632163c59,0.1
342,bfab5f2a-e9ec-4b4e-ac3a-8afc42d01d20,5eab9655-f967-45ef-b8fa-5e8632163c59,0.1
343,17f55074-b829-48fc-b7cf-61a4742caaa9,5eab9655-f967-45ef-b8fa-5e8632163c59,0.1
344,be87e15e-d832-4021-a683-f9bcc019da14,5eab9655-f967-45ef-b8fa-5e8632163c59,0.1
345,327b0269-2f33-4b75-9743-6d07028d3c80,5eab9655-f967-45ef-b8fa-5e8632163c59,0.1
346,7c8fa5a2-d492-49aa-aeb4-99a6f82ec8fc,5eab9655-f967-45ef-b8fa-5e8632163c59,0.1
347,77b94c78-895f-40b2-b8ad-26e01a7c2aa8,5eab9655-f967-45ef-b8fa-5e8632163c59,0.1
348,7c7a0217-4dbc-465e-a204-994ddc39fcfe,5eab9655-f967-45ef-b8fa-5e8632163c59,0.1
349,b782c0f0-0dcd-46c2-bf30-f1e550d5aa41,5eab9655-f967-45ef-b8fa-5e8632163c59,0.1
350,cf81a827-7ff4-47c9-abd0-8eac2b4127af,5eab9655-f967-45ef-b8fa-5e8632163c59,0.1
351,83fe445f-bf7f-4b6f-8b6d-690a793fea39,5eab9655-f967-45ef-b8fa-5e8632163c59,0.1
352,696bd498-8e89-4a74-8008-087218fb348d,5eab9655-f967-45ef-b8fa-5e8632163c59,0.1
353,4688f186-8d84-4763-a7d4-8e56e4f3d9cb,5eab9655-f967-45ef-b8fa-5e8632163c59,0.1
354,26f6b71e-33ae-4b18-b7b2-b7bc586576f1,5eab9655-f967-45ef-b8fa-5e8632163c59,0.1
355,744f6331-4c42-410c-b24d-5775cfba1b5b,5eab9655-f967-45ef-b8fa-5e8632163c59,0.1
356,1e5d9fec-4a7a-49db-bf18-953fd1d1d236,5eab9655-f967-45ef-b8fa-5e8632163c59,0.1
357,3adc837b-98c6-4ebc-9174-29b4500c8156,5eab9655-f967-45ef-b8fa-5e8632163c59,0.1
358,a5f33936-70f6-40f9-8bca-9db0b21e339a,5eab9655-f967-45ef-b8fa-5e8632163c59,0.1
359,5a316178-f1be-484c-a4cc-387f06c0b3eb,5eab9655-f967-45ef-b8fa-5e8632163c59,0.1
360,706d3bb5-c86e-4907-84ad-145e01ae3648,5eab9655-f967-45ef-b8fa-5e8632163c59,0.1
361,73c539b3-ccae-4eef-aeb4-e4eb67276589,5eab9655-f967-45ef-b8fa-5e8632163c59,0.1
362,afceb53c-84cd-4695-8026-e967e6d20b1e,5eab9655-f967-45ef-b8fa-5e8632163c59,0.1
363,5e9067aa-2ad6-4f68-8fb1-9d29128bc8cf,5eab9655-f967-45ef-b8fa-5e8632163c59,0.1
364,0be4fb76-c332-4b18-8354-2c89beeb1587,5eab9655-f967-45ef-b8fa-5e8632163c59,0.1
365,cdc48dfd-c09b-443b-bdcb-edda8140b378,5eab9655-f967-45ef-b8fa-5e8632163c59,0.1
366,f9b52a5d-e833-49dc-9502-340cbe70be2c,5eab9655-f967-45ef-b8fa-5e8632163c59,0.1
367,52853d08-6431-46bf-a03a-b6e8e675816b,5eab9655-f967-45ef-b8fa-5e8632163c59,0.1
368,8a4443c8-d642-4f97-83fd-63d47190a1b0,5eab9655-f967-45ef-b8fa-5e8632163c59,0.1
369,7a222052-fd2f-4dca-972a-92edaf7b9abd,5eab9655-f967-45ef-b8fa-5e8632163c59,0.1
370,3d78ba86-3690-4a88-8cce-01e6a1321b7d,5eab9655-f967-45ef-b8fa-5e8632163c59,0.1
371,cea42696-19a1-4440-8480-2cc2d7730438,5eab9655-f967-45ef-b8fa-5e8632163c59,0.1
372,f1dfae2f-db1d-48f4-83d9-7871aa3db2c1,5eab9655-f967-45ef-b8fa-5e8632163c59,0.1
373,efeba9a6-5f6e-4e24-bb0d-d2a2f7be81f2,5eab9655-f967-45ef-b8fa-5e8632163c59,0.1
374,e74bec50-835d-4181-9b45-6eaceac25644,5eab9655-f967-45ef-b8fa-5e8632163c59,0.1
375,e4f8d206-184a-42f4-a901-23301443e988,5eab9655-f967-45ef-b8fa-5e8632163c59,0.1
376,aca5d6d7-e07e-46e3-80d1-2e3f54380ed6,5eab9655-f967-45ef-b8fa-5e8632163c59,0.1
377,a182e3fe-d854-4389-b29b-c8a93accdeed,5eab9655-f967-45ef-b8fa-5e8632163c59,0.1
378,864a2370-d570-43d1-8aeb-30f4d71a37f1,5eab9655-f967-45ef-b8fa-5e8632163c59,0.1
379,349b5b60-fd7a-406b-8b09-45b620931fd0,5eab9655-f967-45ef-b8fa-5e8632163c59,0.1
380,af677b4d-a0da-4bbb-a0dd-6bf062c82609,5eab9655-f967-45ef-b8fa-5e8632163c59,0.1
381,425283a0-64ee-4dcb-a0d9-ad3302e85fd1,5eab9655-f967-45ef-b8fa-5e8632163c59,0.1
382,5fd4f31c-e57d-42ee-b5ac-8895e178607f,5eab9655-f967-45ef-b8fa-5e8632163c59,0.1
383,6d9b3a98-2071-42a3-8741-dad7cc1d56ae,5eab9655-f967-45ef-b8fa-5e8632163c59,0.1
384,e727e4b5-90b6-48ba-9ade-912816a9c091,5eab9655-f967-45ef-b8fa-5e8632163c59,0.1
385,6d2780c3-a33d-48b4-aaf6-cf9585ce3995,5eab9655-f967-45ef-b8fa-5e8632163c59,0.1
386,c9ae066c-577d-41b8-bb51-d4c417a5f9e6,5eab9655-f967-45ef-b8fa-5e8632163c59,0.1
387,eef1892b-ea11-421d-8eb2-59ad7cd30aaf,5eab9655-f967-45ef-b8fa-5e8632163c59,0.1
388,bcddc76d-ecb6-4f30-b208-ab1df43e0b0b,5eab9655-f967-45ef-b8fa-5e8632163c59,0.1
389,bcf561ca-e3dc-48c8-aefe-32340efb9721,5eab9655-f967-45ef-b8fa-5e8632163c59,0.1
390,5c9f6aeb-12d2-40e8-9e26-105ed3b948d6,5eab9655-f967-45ef-b8fa-5e8632163c59,0.1
391,1c046330-ee78-4e89-851f-0a41e986021d,5eab9655-f967-45ef-b8fa-5e8632163c59,0.1
392,52eaff21-d587-481a-9ad0-2c015632a980,5eab9655-f967-45ef-b8fa-5e8632163c59,0.1
393,f1f670f0-0b82-4e3c-b633-0602e4386991,5eab9655-f967-45ef-b8fa-5e8632163c59,0.1
394,f7fbd312-9572-4c21-a765-5bfdff6cc9a6,5eab9655-f967-45ef-b8fa-5e8632163c59,0.1
395,c6330b01-a35b-4d5a-a797-adbab550f315,5eab9655-f967-45ef-b8fa-5e8632163c59,0.1
396,5d001c4c-b684-4a53-8ebc-dc6fee12dd87,5eab9655-f967-45ef-b8fa-5e8632163c59,0.1
397,085abc24-c98a-4d40-af33-15b977530804,5eab9655-f967-45ef-b8fa-5e8632163c59,0.1
398,acf1b7cf-dcce-4f8c-b328-a522b854ee21,5eab9655-f967-45ef-b8fa-5e8632163c59,0.1
399,562f4792-7741-48fc-addd-4ca843911c50,5eab9655-f967-45ef-b8fa-5e8632163c59,0.1
400,bc0e56ec-2e9e-4045-8875-592f4203bfc1,5eab9655-f967-45ef-b8fa-5e8632163c59,0.1
401,09220189-f8e3-47e6-bbc2-47a925c3dd97,5eab9655-f967-45ef-b8fa-5e8632163c59,0.1
402,488e5107-0cf9-4418-82e5-08e0d8640a14,5eab9655-f967-45ef-b8fa-5e8632163c59,0.1
403,bd77f4ab-feeb-4db1-8787-2aae95348d4d,5eab9655-f967-45ef-b8fa-5e8632163c59,0.1
404,01de9699-cca6-4a4d-a580-2ede24536f8c,5eab9655-f967-45ef-b8fa-5e8632163c59,0.1
405,e0b0f533-fbfa-4c18-ab25-8542f5fceab6,5eab9655-f967-45ef-b8fa-5e8632163c59,0.1
406,e8d5fb76-f145-4a77-af70-64fa33d88d6c,5eab9655-f967-45ef-b8fa-5e8632163c59,0.1
407,2d4c363a-d1d0-4050-9155-928a847a90a0,5eab9655-f967-45ef-b8fa-5e8632163c59,0.1
408,c22580b2-92db-48c8-b34d-d7fde1559de6,5eab9655-f967-45ef-b8fa-5e8632163c59,0.1
409,7e11347a-7f4f-4d3a-a0a3-6cfd74c40acb,5eab9655-f967-45ef-b8fa-5e8632163c59,0.1
410,c3c762e9-91b5-4543-b8b9-212c8b43e635,5eab9655-f967-45ef-b8fa-5e8632163c59,0.1
411,4c683fd0-8693-4680-b461-9bb107835031,5eab9655-f967-45ef-b8fa-5e8632163c59,0.1
412,3f44aa87-5614-48c7-a97f-57ddcefa98b5,5eab9655-f967-45ef-b8fa-5e8632163c59,0.1
413,5c87d195-fd7b-4783-a25e-c373b3f23a50,5eab9655-f967-45ef-b8fa-5e8632163c59,0.1
414,b2227fd8-6a2a-4244-85d1-6459ec6a4200,5eab9655-f967-45ef-b8fa-5e8632163c59,0.1
415,8af92065-be12-43ac-8158-9f4ea15b3c30,5eab9655-f967-45ef-b8fa-5e8632163c59,0.1
416,4e3b0cdf-13c2-4a58-9659-f1be9a6ac8a0,5eab9655-f967-45ef-b8fa-5e8632163c59,0.1
417,26b1ba2e-a073-42f4-926f-350f4bb3b118,5eab9655-f967-45ef-b8fa-5e8632163c59,0.1
418,6029386f-df4d-4e07-8535-7a2488751ad7,5eab9655-f967-45ef-b8fa-5e8632163c59,0.1
419,26ce199d-bbb1-4660-8267-510f7e0c8ff6,5eab9655-f967-45ef-b8fa-5e8632163c59,0.1
420,de2eb685-a083-44b0-bb27-8445f1228db4,5eab9655-f967-45ef-b8fa-5e8632163c59,0.1
421,d3ec4426-4ff5-478b-9d36-a201f47c8b0e,5eab9655-f967-45ef-b8fa-5e8632163c59,0.1
422,be45939f-c2de-40bb-a394-f8f5479ccfe6,5eab9655-f967-45ef-b8fa-5e8632163c59,0.1
423,ed243193-22f2-428a-aa50-928413dc436d,5eab9655-f967-45ef-b8fa-5e8632163c59,0.1
424,062beb3f-6418-4d5c-a4d7-c2d302d838ac,5eab9655-f967-45ef-b8fa-5e8632163c59,0.1
425,0116a028-2950-4876-821e-f6322bffe958,5eab9655-f967-45ef-b8fa-5e8632163c59,0.1
426,7efba229-d489-4432-9afe-572a78458f93,5eab9655-f967-45ef-b8fa-5e8632163c59,0.1
427,afd92521-491d-4b4f-9c82-5c652c8b3eae,5eab9655-f967-45ef-b8fa-5e8632163c59,0.1
428,56c7cc69-a737-41db-9682-a06415ae936c,5eab9655-f967-45ef-b8fa-5e8632163c59,0.1
429,02c3af5f-b103-45ab-9438-707df67502b0,5eab9655-f967-45ef-b8fa-5e8632163c59,0.1
430,5606a2dc-0db8-43cc-b36e-78fbaede8d79,5eab9655-f967-45ef-b8fa-5e8632163c59,0.1
431,04fd6491-35a2-4bca-8a06-3d48ebb9f16d,5eab9655-f967-45ef-b8fa-5e8632163c59,0.1
432,e7243c7c-a399-4e50-9894-d8fd15601bcb,5eab9655-f967-45ef-b8fa-5e8632163c59,0.1
433,946c0eb2-b2a7-42cf-bbb6-9d45c89fcd83,5eab9655-f967-45ef-b8fa-5e8632163c59,0.1
434,ff0ae905-7b7b-459f-a277-7429e1b285d8,5eab9655-f967-45ef-b8fa-5e8632163c59,0.1
435,fd9e9607-db07-4dda-ac24-f7a75d626e12,5eab9655-f967-45ef-b8fa-5e8632163c59,0.1
436,255c7b6d-d7ef-4b2c-b5df-9f1a0294b787,5eab9655-f967-45ef-b8fa-5e8632163c59,0.1
437,91ba047e-4071-401d-baf0-aa563dd1b406,5eab9655-f967-45ef-b8fa-5e8632163c59,0.1
438,d85e4baf-7ad6-4c6a-aa6c-612215610202,5eab9655-f967-45ef-b8fa-5e8632163c59,0.1
439,d0ca4a72-7ac8-4873-9ef6-800f86633aff,5eab9655-f967-45ef-b8fa-5e8632163c59,0.1
440,fe9d4fb4-16b3-4956-8034-96d70760989f,5eab9655-f967-45ef-b8fa-5e8632163c59,0.1
441,3a225ccb-4831-4cfd-a75c-c5fd9fda4091,5eab9655-f967-45ef-b8fa-5e8632163c59,0.1
442,f7967279-d2a6-400e-8479-3b400339d290,5eab9655-f967-45ef-b8fa-5e8632163c59,0.1
443,1008cb56-edb6-4ccd-8745-85df3f38a02b,5eab9655-f967-45ef-b8fa-5e8632163c59,0.1
444,2aaca3eb-2ec9-46cc-bece-d87692c46f2a,5eab9655-f967-45ef-b8fa-5e8632163c59,0.1
445,9e779fd2-a036-43f7-a61c-10c8201d456d,5eab9655-f967-45ef-b8fa-5e8632163c59,0.1
446,647a65ea-5e94-4f6b-a426-e58478a16dff,5eab9655-f967-45ef-b8fa-5e8632163c59,0.1
447,e238df09-f5dc-49e6-a1a0-16889e9c8780,5eab9655-f967-45ef-b8fa-5e8632163c59,0.1
448,ac95c638-708f-4614-b59b-c2d33241ab1d,5eab9655-f967-45ef-b8fa-5e8632163c59,0.1
449,88037919-68e8-44ca-a717-07cfda5ec23c,5eab9655-f967-45ef-b8fa-5e8632163c59,0.1
450,3674fe1e-a3c3-4669-965b-d78677367975,5eab9655-f967-45ef-b8fa-5e8632163c59,0.1
451,7205d249-ef13-4d8d-b881-21d58c9fafff,5eab9655-f967-45ef-b8fa-5e8632163c59,0.1
452,cc6af18c-f1d4-4148-b1ed-4072253dedcb,5eab9655-f967-45ef-b8fa-5e8632163c59,0.1
453,664709d4-9694-446e-b054-2cd6c9870f15,5eab9655-f967-45ef-b8fa-5e8632163c59,0.1
454,09f1c742-cd0e-41c5-8eaf-ff3a98ac9bde,5eab9655-f967-45ef-b8fa-5e8632163c59,0.1
455,33521dc6-680a-492c-b02d-d6039d1a8602,5eab9655-f967-45ef-b8fa-5e8632163c59,0.1
456,1880af53-47e8-42eb-a093-854948e993fd,5eab9655-f967-45ef-b8fa-5e8632163c59,0.1
457,c8fa8244-5738-4af0-8139-408819cb1b56,5eab9655-f967-45ef-b8fa-5e8632163c59,0.1
458,80f25b99-0433-41d8-9854-98c0f9dbd643,5eab9655-f967-45ef-b8fa-5e8632163c59,0.1
459,9dea86a8-fddf-4f12-8249-3b84b713606d,5eab9655-f967-45ef-b8fa-5e8632163c59,0.1
460,fea6111f-095b-46f7-964c-a1a8514c88aa,5eab9655-f967-45ef-b8fa-5e8632163c59,0.1
461,3947e458-3c78-434b-996c-60eded825e90,5eab9655-f967-45ef-b8fa-5e8632163c59,0.1
462,caa22747-cb9e-4315-a843-0c7071665582,5eab9655-f967-45ef-b8fa-5e8632163c59,0.1
463,b8762feb-425f-4104-b90f-4f637050a084,5eab9655-f967-45ef-b8fa-5e8632163c59,0.1
464,a52ca912-6d58-4ff9-90c6-48f59f1c4665,5eab9655-f967-45ef-b8fa-5e8632163c59,0.1
465,71604969-9e89-4b15-830e-b5882e2810f5,5eab9655-f967-45ef-b8fa-5e8632163c59,0.1
466,48df921d-cc25-4b41-aa2b-4b107fc3daa7,5eab9655-f967-45ef-b8fa-5e8632163c59,0.1
467,f98f1a79-9e7c-40da-8d82-cf22bc9fff62,5eab9655-f967-45ef-b8fa-5e8632163c59,0.1
468,829d9b1a-5000-4b82-8eca-1060130847d7,5eab9655-f967-45ef-b8fa-5e8632163c59,0.1
469,a1d0227a-b92e-400e-9066-b05b969ae31f,5eab9655-f967-45ef-b8fa-5e8632163c59,0.1
470,0712e97b-f4e3-4da5-93a4-24b400eae33f,5eab9655-f967-45ef-b8fa-5e8632163c59,0.1
471,f261985d-9008-4865-845d-fe903a944d2f,5eab9655-f967-45ef-b8fa-5e8632163c59,0.1
472,39b7277c-a86b-4683-aaae-57ecb026e330,5eab9655-f967-45ef-b8fa-5e8632163c59,0.1
473,9c89e9c0-0c6f-446f-8e4d-0f370309c83c,5eab9655-f967-45ef-b8fa-5e8632163c59,0.1
474,985c238e-f116-4fa1-b381-67a4ac7d4ecc,5eab9655-f967-45ef-b8fa-5e8632163c59,0.1
475,6239775c-20ed-4d6d-8a98-db0c6a2df675,5eab9655-f967-45ef-b8fa-5e8632163c59,0.1
476,829a81e8-7272-4060-b00d-aac0eec95bf1,5eab9655-f967-45ef-b8fa-5e8632163c59,0.1
477,7bec3d1c-66c1-47dc-a251-986ecb868483,5eab9655-f967-45ef-b8fa-5e8632163c59,0.1
478,49e8cf53-d1de-470a-963a-51d3bc971471,5eab9655-f967-45ef-b8fa-5e8632163c59,0.1
479,e95cd902-bf43-4e3f-8e4e-172d7239ba09,5eab9655-f967-45ef-b8fa-5e8632163c59,0.1
480,7d8cd47e-35ab-4c88-8e5f-c88f4effc9f7,5eab9655-f967-45ef-b8fa-5e8632163c59,0.1
481,958b5e17-5887-4f88-83ae-8a1d8400b21e,5eab9655-f967-45ef-b8fa-5e8632163c59,0.1
482,0afc07e6-9322-4917-8748-781824002f83,5eab9655-f967-45ef-b8fa-5e8632163c59,0.1
483,a6c4f0c3-8b30-48d8-889f-cce214f8bf4c,5eab9655-f967-45ef-b8fa-5e8632163c59,0.1
484,35f8a7da-3573-45d6-87d6-e8e723bf65cd,5eab9655-f967-45ef-b8fa-5e8632163c59,0.1
485,58a5aa03-0bef-470a-b93a-6ecd49bc1aef,5eab9655-f967-45ef-b8fa-5e8632163c59,0.1
486,2a6700e9-b780-40d0-934d-793e3ee8952c,5eab9655-f967-45ef-b8fa-5e8632163c59,0.1
487,0e14b991-258f-4ae8-9df3-b82e78e5b92b,5eab9655-f967-45ef-b8fa-5e8632163c59,0.1
488,d877880e-694b-49e6-8b4c-4c189a843c95,5eab9655-f967-45ef-b8fa-5e8632163c59,0.1
489,38f58448-e7b1-4438-9815-8993dd624df3,5eab9655-f967-45ef-b8fa-5e8632163c59,0.1
490,e83ae839-2a04-4a17-8f7a-b32beaa12f57,5eab9655-f967-45ef-b8fa-5e8632163c59,0.1
491,3022dc4f-9eda-4c42-a625-9ff6cadcb207,5eab9655-f967-45ef-b8fa-5e8632163c59,0.1
492,27fc3b2c-80c2-4864-b029-4cfbd824860b,5eab9655-f967-45ef-b8fa-5e8632163c59,0.1
493,806cb050-2642-451c-89a6-0b14f249a3e3,5eab9655-f967-45ef-b8fa-5e8632163c59,0.1
494,33e0655e-9e4f-461b-9dd8-40d3280a11ba,5eab9655-f967-45ef-b8fa-5e8632163c59,0.1
495,9bdbd4db-aa38-42c2-abb5-04a5896e7342,5eab9655-f967-45ef-b8fa-5e8632163c59,0.1
496,57430070-5a09-4b41-9dd1-7bd3cc4d295e,5eab9655-f967-45ef-b8fa-5e8632163c59,0.1
497,55f01e5c-e853-4cdb-9b06-40e4fc63a8ea,5eab9655-f967-45ef-b8fa-5e8632163c59,0.1
498,11c0d73d-7e19-47ed-91b6-ba850764c84f,5eab9655-f967-45ef-b8fa-5e8632163c59,0.1
499,409aa55c-ced9-4827-a44f-3bfe0a714689,5eab9655-f967-45ef-b8fa-5e8632163c59,0.1
500,16149cbb-7f06-470b-9fbf-2a9158c71380,5eab9655-f967-45ef-b8fa-5e8632163c59,0.1
501,769cd865-1225-483a-a316-67e6319002c8,5eab9655-f967-45ef-b8fa-5e8632163c59,0.1
502,3e4502b0-99cf-44c6-9d3c-bdb9cfa80a12,5eab9655-f967-45ef-b8fa-5e8632163c59,0.1
503,fcbb37f9-5b09-4390-89ac-b9f92f54dbe0,5eab9655-f967-45ef-b8fa-5e8632163c59,0.1
504,5b4f6719-1f17-442e-bac3-7b8e3b1481b1,5eab9655-f967-45ef-b8fa-5e8632163c59,0.1
505,e2a146e3-12ac-4a23-9b9d-7b83b7dd7407,5eab9655-f967-45ef-b8fa-5e8632163c59,0.1
506,fd2b6d77-1f46-484e-aceb-deaad7ef034b,5eab9655-f967-45ef-b8fa-5e8632163c59,0.1
507,b9bcbacc-ea98-490a-8956-b1f4d4f348ad,5eab9655-f967-45ef-b8fa-5e8632163c59,0.1
508,b8012bc0-99f8-42cd-babd-8468493bb4e8,5eab9655-f967-45ef-b8fa-5e8632163c59,0.1
509,bd9deaa7-4261-4351-95b6-78936047c4b5,5eab9655-f967-45ef-b8fa-5e8632163c59,0.1
510,65e84a9f-53c7-4bb5-b9e4-6409d12c8926,5eab9655-f967-45ef-b8fa-5e8632163c59,0.1
511,891de19e-68a0-4e93-b551-8b4cff4decf7,5eab9655-f967-45ef-b8fa-5e8632163c59,0.1
512,188dfc3b-41ab-47f0-af58-8d2b84f96b6b,5eab9655-f967-45ef-b8fa-5e8632163c59,0.1
513,860af183-f857-4e65-ae65-6fee7ab9ab2e,5eab9655-f967-45ef-b8fa-5e8632163c59,0.1
514,16183e22-3ae1-4df2-9aed-69cf0dc608f1,5eab9655-f967-45ef-b8fa-5e8632163c59,0.1
515,8d60c439-148c-4116-a178-8a5a6794fc1b,5eab9655-f967-45ef-b8fa-5e8632163c59,0.1
516,90006f31-3d23-4b36-9bc2-8456dd3b80d3,5eab9655-f967-45ef-b8fa-5e8632163c59,0.1
517,9e9e4356-3461-4f09-a166-5fe3c33eb339,5eab9655-f967-45ef-b8fa-5e8632163c59,0.1
518,b836879f-8dbc-4abb-9a95-c36d0d5ef65a,5eab9655-f967-45ef-b8fa-5e8632163c59,0.1
519,2e33afad-f05d-4c35-b82c-63ebb8fb26ba,5eab9655-f967-45ef-b8fa-5e8632163c59,0.1
520,4992c733-4bbc-40ed-b52e-5f31f661e828,5eab9655-f967-45ef-b8fa-5e8632163c59,0.1
521,40e0d2ac-6810-4e52-9b0d-0e8de380d47f,5eab9655-f967-45ef-b8fa-5e8632163c59,0.1
522,a3025272-c580-47d2-8ea6-57fdd418ac78,5eab9655-f967-45ef-b8fa-5e8632163c59,0.1
523,46727050-7626-41ab-85d0-ee559e7f06b1,5eab9655-f967-45ef-b8fa-5e8632163c59,0.1
524,3c318e71-745f-4320-a178-487866a79594,5eab9655-f967-45ef-b8fa-5e8632163c59,0.1
525,104e6acf-5548-46b9-8579-8c32411520e3,5eab9655-f967-45ef-b8fa-5e8632163c59,0.1
526,2b181f7e-6dc2-4da5-8ac0-9f3fadaf6ecd,5eab9655-f967-45ef-b8fa-5e8632163c59,0.1
527,dee66c82-a18b-4e2d-bdd1-a2f6dd3b0901,5eab9655-f967-45ef-b8fa-5e8632163c59,0.1
528,59ed65d7-081c-402f-b55a-bcb664063694,5eab9655-f967-45ef-b8fa-5e8632163c59,0.1
529,4c1123cf-cf18-41b8-a66b-7248dc46ca0d,5eab9655-f967-45ef-b8fa-5e8632163c59,0.1
530,9987fbe8-e1e6-4479-9a4d-a2499a0c6c93,5eab9655-f967-45ef-b8fa-5e8632163c59,0.1
531,429caee4-f14a-4330-b7cd-607916243345,5eab9655-f967-45ef-b8fa-5e8632163c59,0.1
532,1bd8b7c8-45e0-4266-9afd-72f1be7426a1,5eab9655-f967-45ef-b8fa-5e8632163c59,0.1
533,71ffbef3-e02d-4d25-97cc-09b31533751f,5eab9655-f967-45ef-b8fa-5e8632163c59,0.1
534,fd768a13-9223-4c34-b013-76c3d484c6e4,5eab9655-f967-45ef-b8fa-5e8632163c59,0.1
535,7eb4eb89-e497-4afb-bf11-72c44a06394f,5eab9655-f967-45ef-b8fa-5e8632163c59,0.1
536,92c64b2d-7245-4d0c-8ed0-bc53fbee8d6b,5eab9655-f967-45ef-b8fa-5e8632163c59,0.1
537,b590dfc4-ea5b-4c0e-8dd9-90a6ef87449e,5eab9655-f967-45ef-b8fa-5e8632163c59,0.1
538,cce4f979-c2f2-4f80-8fc6-408f71f0b694,5eab9655-f967-45ef-b8fa-5e8632163c59,0.1
539,a31814c1-9164-4d98-aad5-d5bd4a543795,5eab9655-f967-45ef-b8fa-5e8632163c59,0.1
540,c2f547a1-f9d6-4542-b574-7c50e5808867,5eab9655-f967-45ef-b8fa-5e8632163c59,0.1
541,b828ff65-b1d6-4a2e-a994-5f26316c1b1b,5eab9655-f967-45ef-b8fa-5e8632163c59,0.1
542,a4955a43-9147-4492-a7f0-bc5ab6241eff,5eab9655-f967-45ef-b8fa-5e8632163c59,0.1
543,2b7566e9-5514-4e0e-b7d6-e223280957f4,5eab9655-f967-45ef-b8fa-5e8632163c59,0.1
544,704de810-feaa-4973-8a81-734d49b6bc9a,5eab9655-f967-45ef-b8fa-5e8632163c59,0.1
545,449a6bd6-48d3-4b07-b729-dcf779e0d11f,5eab9655-f967-45ef-b8fa-5e8632163c59,0.1
546,f29e52fb-94da-4eb8-adca-5f542a056619,5eab9655-f967-45ef-b8fa-5e8632163c59,0.1
547,e6c8c982-6c09-4509-95e1-4ca1f94fa1eb,5eab9655-f967-45ef-b8fa-5e8632163c59,0.1
548,853e4628-c6f3-49e8-802e-a96aab503ba4,5eab9655-f967-45ef-b8fa-5e8632163c59,0.1
549,1bb2969f-f57a-45bb-83cf-13c73d12b391,5eab9655-f967-45ef-b8fa-5e8632163c59,0.1
550,f7b0b400-089d-40e3-a45d-546fc73b5003,5eab9655-f967-45ef-b8fa-5e8632163c59,0.1
551,7b393860-b6d2-4c89-b210-8cc566de31da,5eab9655-f967-45ef-b8fa-5e8632163c59,0.1
552,a492411c-fd7f-4ded-9df1-26fd917ac38e,5eab9655-f967-45ef-b8fa-5e8632163c59,0.1
553,47709fc4-c0c9-48da-b25a-50cf7d5871fd,5eab9655-f967-45ef-b8fa-5e8632163c59,0.1
554,00419e00-5350-49f7-bdd9-70c7c3639aad,5eab9655-f967-45ef-b8fa-5e8632163c59,0.1
555,2ce276fc-624c-4e9f-aad6-db9c4f618a10,5eab9655-f967-45ef-b8fa-5e8632163c59,0.1
556,f046a394-b446-46f9-ae35-fb730b27ec65,5eab9655-f967-45ef-b8fa-5e8632163c59,0.1
557,378420d6-04dd-4f58-88fc-62b41a7d1fb4,5eab9655-f967-45ef-b8fa-5e8632163c59,0.1
558,03099fc0-c052-43a9-9705-8f58a3624003,5eab9655-f967-45ef-b8fa-5e8632163c59,0.1
559,6370bf6c-e94c-4f90-a49c-538647cb588e,5eab9655-f967-45ef-b8fa-5e8632163c59,0.1
560,aa346647-6361-4532-a6f8-c518aa5f300b,5eab9655-f967-45ef-b8fa-5e8632163c59,0.1
561,2c761bc7-d84a-4ac6-8686-7a3bf94a806c,5eab9655-f967-45ef-b8fa-5e8632163c59,0.1
562,ae5d92a1-a3a5-49d8-af53-fddac36fef40,5eab9655-f967-45ef-b8fa-5e8632163c59,0.1
563,c5e70ce6-2c6b-4be0-863c-b13a1d9b3af3,5eab9655-f967-45ef-b8fa-5e8632163c59,0.1
564,04bdc7f2-9555-41e6-b058-22849858b191,5eab9655-f967-45ef-b8fa-5e8632163c59,0.1
565,6b2d0f90-15f6-46b6-8f6d-64bae9c79748,5eab9655-f967-45ef-b8fa-5e8632163c59,0.1
566,7034df8a-abf3-408e-a284-e040d52f8d3d,5eab9655-f967-45ef-b8fa-5e8632163c59,0.1
567,e9bb8ad0-11cf-401c-b0f2-7f72bd4f288d,5eab9655-f967-45ef-b8fa-5e8632163c59,0.1
568,49c1defd-9f6b-44c4-a48c-f8056d051c00,5eab9655-f967-45ef-b8fa-5e8632163c59,0.1
569,86503d71-f622-482c-92e5-5f630f444424,5eab9655-f967-45ef-b8fa-5e8632163c59,0.1
570,9330810e-3159-4736-a09d-4fbe61e232c4,5eab9655-f967-45ef-b8fa-5e8632163c59,0.1
571,0fb1c144-a73b-4804-8175-67a25a5f8ed5,5eab9655-f967-45ef-b8fa-5e8632163c59,0.1
572,d140cd3a-c029-4caa-8f79-136a9f000f16,5eab9655-f967-45ef-b8fa-5e8632163c59,0.1
573,586e3487-b616-436f-8e99-23c3969f1f49,5eab9655-f967-45ef-b8fa-5e8632163c59,0.1
574,59d1e252-967f-47fb-8a1e-7b5f3d544380,5eab9655-f967-45ef-b8fa-5e8632163c59,0.1
575,0a37be54-7c58-4caf-b3bc-0410dde59b5c,5eab9655-f967-45ef-b8fa-5e8632163c59,0.1
576,79445924-3a07-4449-98d4-8c5683017260,5eab9655-f967-45ef-b8fa-5e8632163c59,0.1
577,092414f0-93cd-4f82-ba33-d286b7804cf4,5eab9655-f967-45ef-b8fa-5e8632163c59,0.1
578,b0429ab2-d53f-4f5d-8681-56eeefa6f090,5eab9655-f967-45ef-b8fa-5e8632163c59,0.1
579,fd86a1db-2b78-40a1-9a09-b1860ff331b4,5eab9655-f967-45ef-b8fa-5e8632163c59,0.1
580,69cf4b32-5461-4e02-911e-13854444ba0f,5eab9655-f967-45ef-b8fa-5e8632163c59,0.1
581,6d269701-6ddb-43ef-9918-7a9e3969b9c9,5eab9655-f967-45ef-b8fa-5e8632163c59,0.1
582,64893cc9-0709-4b47-ba2b-266a0e06c42d,5eab9655-f967-45ef-b8fa-5e8632163c59,0.1
583,d5a03864-6bc1-4254-b1dc-215d9dd26e64,5eab9655-f967-45ef-b8fa-5e8632163c59,0.1
584,22a2a913-11e0-4836-91e1-81a2e5723571,5eab9655-f967-45ef-b8fa-5e8632163c59,0.1
585,a6002f71-8e69-476b-8978-052348cc9fbc,5eab9655-f967-45ef-b8fa-5e8632163c59,0.1
586,abe88ab6-fc12-49b1-9f8e-a14dc82a6e2d,5eab9655-f967-45ef-b8fa-5e8632163c59,0.1
587,76160d43-ef08-4677-a2bd-011fb19e9780,5eab9655-f967-45ef-b8fa-5e8632163c59,0.1
588,aa332c93-692b-4ce3-8157-f49025ce440f,5eab9655-f967-45ef-b8fa-5e8632163c59,0.1
589,7dcb4241-ea35-4696-b49b-96cf129d2193,5eab9655-f967-45ef-b8fa-5e8632163c59,0.1
590,eb0845aa-4dfb-4663-8116-e00ad8b9dac8,5eab9655-f967-45ef-b8fa-5e8632163c59,0.1
591,d10320c4-d1a9-4b26-9ed5-8852e7c6835c,5eab9655-f967-45ef-b8fa-5e8632163c59,0.1
592,d0cbc7ea-3ebd-446e-82d9-bc9f2f894312,5eab9655-f967-45ef-b8fa-5e8632163c59,0.1
593,f806179d-f9ef-46e4-95cb-974f5379b878,5eab9655-f967-45ef-b8fa-5e8632163c59,0.1
594,e78f9e19-2462-4fb2-8528-1317a3d64548,5eab9655-f967-45ef-b8fa-5e8632163c59,0.1
595,7ce77ecb-d1e7-4e7f-ba8c-e18b8ce8325b,5eab9655-f967-45ef-b8fa-5e8632163c59,0.1
596,4d86d694-faeb-4ac4-8063-e05664b5ded6,5eab9655-f967-45ef-b8fa-5e8632163c59,0.1
597,a0083c7f-2229-49c9-ae9d-adc6ee4f47b4,5eab9655-f967-45ef-b8fa-5e8632163c59,0.1
598,ac6b44be-0fc4-4abc-a8e3-ed868524051a,5eab9655-f967-45ef-b8fa-5e8632163c59,0.1
599,bac78518-8fc7-4ca2-8877-ec2ce7107d80,5eab9655-f967-45ef-b8fa-5e8632163c59,0.1
600,64ce24ac-83db-49c1-becf-81f9e34add8e,5eab9655-f967-45ef-b8fa-5e8632163c59,0.1
601,0f2e8f8a-88e0-40dc-a6dc-09e773f093cf,5eab9655-f967-45ef-b8fa-5e8632163c59,0.1
602,5c085b5e-58b1-46a8-9c44-c32c200a8451,5eab9655-f967-45ef-b8fa-5e8632163c59,0.1
603,ff6f2a55-3367-4853-9005-fd9c16b1105f,5eab9655-f967-45ef-b8fa-5e8632163c59,0.1
604,7c6adcf2-c133-4940-9698-d17cceb32ba6,5eab9655-f967-45ef-b8fa-5e8632163c59,0.1
605,bcca78a8-8456-44a0-9944-85296cfdf8e1,5eab9655-f967-45ef-b8fa-5e8632163c59,0.1
606,4b694fec-cbef-465a-a0c4-5b88abcd52ed,5eab9655-f967-45ef-b8fa-5e8632163c59,0.1
607,61d48132-d0e5-4280-933f-a30baf55cb73,5eab9655-f967-45ef-b8fa-5e8632163c59,0.1
608,d1713e55-9831-4f72-848d-3eff82046ebb,5eab9655-f967-45ef-b8fa-5e8632163c59,0.1
609,1f7fc6a9-e9e8-4749-b853-a82d0ab62954,5eab9655-f967-45ef-b8fa-5e8632163c59,0.1
610,322d88a8-823c-4ac0-9d06-0c711960ba09,5eab9655-f967-45ef-b8fa-5e8632163c59,0.1
611,624a0a52-3fb5-4bfd-8dd1-3cb706174f1d,5eab9655-f967-45ef-b8fa-5e8632163c59,0.1
612,d2661008-d9ea-4a31-a15d-6f1ff5faad40,5eab9655-f967-45ef-b8fa-5e8632163c59,0.1
613,18e6aef2-79b6-46ed-8a48-a5d2f9c755cb,5eab9655-f967-45ef-b8fa-5e8632163c59,0.1
614,601fc93a-98d9-43cb-80d2-bf3a0aa77b3d,5eab9655-f967-45ef-b8fa-5e8632163c59,0.1
615,8b6836fe-a368-4dd8-8020-d835a53ab4ac,5eab9655-f967-45ef-b8fa-5e8632163c59,0.1
616,d75e80f3-225d-4bab-b6b0-55509c323065,5eab9655-f967-45ef-b8fa-5e8632163c59,0.1
617,fd8c9479-f96a-459b-84c7-904389a7c4ce,5eab9655-f967-45ef-b8fa-5e8632163c59,0.1
618,793abe19-e8d3-4be4-a5c2-d8dc44862fa7,5eab9655-f967-45ef-b8fa-5e8632163c59,0.1
619,8dc31b49-ba99-4cff-afa4-1011992c95ff,5eab9655-f967-45ef-b8fa-5e8632163c59,0.1
620,7256766d-d5c5-4129-b5ff-ef6df64e0b1f,5eab9655-f967-45ef-b8fa-5e8632163c59,0.1
621,ee5f728f-8e7e-4789-96a9-70ff3c9e4353,5eab9655-f967-45ef-b8fa-5e8632163c59,0.1
622,8b79c706-04f5-4e24-8685-742321189808,5eab9655-f967-45ef-b8fa-5e8632163c59,0.1
623,8add7403-323f-4fa5-a4bc-3874c412027d,5eab9655-f967-45ef-b8fa-5e8632163c59,0.1
624,c520adfe-528f-4b50-ac03-cf0bfac65de8,5eab9655-f967-45ef-b8fa-5e8632163c59,0.1
625,3452f36a-06a7-48e1-ba71-9d63b9d6c8ab,5eab9655-f967-45ef-b8fa-5e8632163c59,0.1
626,52c0eb84-3db1-4ca5-97a1-c0a18bfd359f,5eab9655-f967-45ef-b8fa-5e8632163c59,0.1
627,6e79b11c-505b-4cf6-b673-2b45d2a14ba1,5eab9655-f967-45ef-b8fa-5e8632163c59,0.1
628,10981a5f-8305-444d-886b-e578c6eb5e6f,5eab9655-f967-45ef-b8fa-5e8632163c59,0.1
629,c99a01ac-e5b2-4144-aa97-2f789512b527,5eab9655-f967-45ef-b8fa-5e8632163c59,0.1
630,0adad8fe-dff3-45b5-aa16-47e27724861f,5eab9655-f967-45ef-b8fa-5e8632163c59,0.1
631,ebd62cc1-35ee-4c8a-b733-466107166fbd,5eab9655-f967-45ef-b8fa-5e8632163c59,0.1
632,aa952476-6f1a-4a8e-81e2-82338596c2a1,5eab9655-f967-45ef-b8fa-5e8632163c59,0.1
633,37ec3dc8-1fb6-4cc9-83a8-b7634c8de3a0,5eab9655-f967-45ef-b8fa-5e8632163c59,0.1
634,13344106-f54a-495a-9d8f-feae73973264,5eab9655-f967-45ef-b8fa-5e8632163c59,0.1
635,628f973a-f1ae-4d30-9397-deb06fce8b09,5eab9655-f967-45ef-b8fa-5e8632163c59,0.1
636,25089d08-b572-435e-97cb-0a6e7fa8990f,5eab9655-f967-45ef-b8fa-5e8632163c59,0.1
637,c6a22e75-2f90-46c4-83b3-e56c52354ff1,5eab9655-f967-45ef-b8fa-5e8632163c59,0.1
638,15988da4-fb25-44f8-a26a-e9aba8dd57a2,5eab9655-f967-45ef-b8fa-5e8632163c59,0.1
639,12980974-40f4-4eb0-98ee-558f4e8da673,5eab9655-f967-45ef-b8fa-5e8632163c59,0.1
640,942401e6-a2f1-45c6-9c72-83151ef3330b,5eab9655-f967-45ef-b8fa-5e8632163c59,0.1
641,d248c2e7-6637-4df9-bfd8-0043dfe0fc32,5eab9655-f967-45ef-b8fa-5e8632163c59,0.1
642,3ffac1bb-5d69-41e5-a7b6-635df22c9b54,5eab9655-f967-45ef-b8fa-5e8632163c59,0.1
643,bba0d13e-6ea8-4c37-8f50-4c661c3cf0e3,5eab9655-f967-45ef-b8fa-5e8632163c59,0.1
644,7e46d719-1de8-4cac-8471-f0b18fcc9c79,5eab9655-f967-45ef-b8fa-5e8632163c59,0.1
645,6986860d-42cd-41d9-b268-93767372b66c,5eab9655-f967-45ef-b8fa-5e8632163c59,0.1
646,2686a2fc-6d74-42bd-a956-fb6379f60587,5eab9655-f967-45ef-b8fa-5e8632163c59,0.1
647,c750bf89-6a2f-42fb-83a2-2aa0334e4771,5eab9655-f967-45ef-b8fa-5e8632163c59,0.1
648,f62cb797-d666-433a-9a31-bd3a84b709ac,5eab9655-f967-45ef-b8fa-5e8632163c59,0.1
649,ac1a7433-cb28-4215-8a5c-e92dd4917b05,5eab9655-f967-45ef-b8fa-5e8632163c59,0.1
650,7c7c9f68-0f2d-4dc7-8d80-989fcd9f86f6,5eab9655-f967-45ef-b8fa-5e8632163c59,0.1
651,8847b1a7-313e-4b8d-a8b6-3efa37c77505,5eab9655-f967-45ef-b8fa-5e8632163c59,0.1
652,c4a9ec1b-a7af-49cf-ad59-1e39c501ea33,5eab9655-f967-45ef-b8fa-5e8632163c59,0.1
653,b328362a-4b45-4b0b-8713-af37315a6a00,5eab9655-f967-45ef-b8fa-5e8632163c59,0.1
654,651cd0a1-9aa2-419d-a1c8-197c4caa9d04,5eab9655-f967-45ef-b8fa-5e8632163c59,0.1
655,723e9851-6d23-489e-b390-3bd380557090,5eab9655-f967-45ef-b8fa-5e8632163c59,0.1
656,e2245e1f-f0af-4020-94e9-7f652aca6268,5eab9655-f967-45ef-b8fa-5e8632163c59,0.1
657,ad3d971a-09d1-4f0e-b335-ddbe0dac4653,5eab9655-f967-45ef-b8fa-5e8632163c59,0.1
658,db011ec5-e769-447c-9331-850e134a76f1,5eab9655-f967-45ef-b8fa-5e8632163c59,0.1
659,11047b2d-7429-445e-a1b6-df6f94f0cf31,5eab9655-f967-45ef-b8fa-5e8632163c59,0.1
660,0da3de00-9929-462d-8a0a-480ac54ebdb3,5eab9655-f967-45ef-b8fa-5e8632163c59,0.1
661,52c4d68f-740c-4443-aa05-0be4163c8ae1,5eab9655-f967-45ef-b8fa-5e8632163c59,0.1
662,3589d72f-98fa-4449-99aa-ab25728f77eb,5eab9655-f967-45ef-b8fa-5e8632163c59,0.1
663,9deb059e-43dc-46bd-b5ea-78035aae0841,5eab9655-f967-45ef-b8fa-5e8632163c59,0.1
664,773c9aed-e05b-4c7b-9492-acb45ec7c463,5eab9655-f967-45ef-b8fa-5e8632163c59,0.1
665,5100db3b-18aa-410c-9bea-dfeefc0a3805,5eab9655-f967-45ef-b8fa-5e8632163c59,0.1
666,46e8ac5d-f3fe-4a42-b9dd-c1407a4122d6,5eab9655-f967-45ef-b8fa-5e8632163c59,0.1
667,b220528c-86cf-4942-aaf0-73f1fb6ee77b,5eab9655-f967-45ef-b8fa-5e8632163c59,0.1
668,a71f643b-e2cd-4873-ae8b-4afabde8d2f0,5eab9655-f967-45ef-b8fa-5e8632163c59,0.1
669,b2077f2b-3a80-4710-ac62-cbec5e88ecee,5eab9655-f967-45ef-b8fa-5e8632163c59,0.1
670,3821c01c-be66-4357-9373-56ff003f6fc3,5eab9655-f967-45ef-b8fa-5e8632163c59,0.1
671,eafc4416-ef27-4b2d-9200-43336a109d24,5eab9655-f967-45ef-b8fa-5e8632163c59,0.1
672,af22f89e-c841-4c5e-a9fe-44d1e63699bc,5eab9655-f967-45ef-b8fa-5e8632163c59,0.1
673,00d13b75-953b-421d-9ebc-49c0ffedc556,5eab9655-f967-45ef-b8fa-5e8632163c59,0.1
674,ebec0f21-bcdd-4ad0-8740-5a1f0b2b33c4,5eab9655-f967-45ef-b8fa-5e8632163c59,0.1
675,14fa6b43-f344-4b35-8026-b0930f5f48f0,5eab9655-f967-45ef-b8fa-5e8632163c59,0.1
676,51eaa8d3-837c-4166-9824-b4518607bd78,5eab9655-f967-45ef-b8fa-5e8632163c59,0.1
677,23f0552b-0152-4a1b-9fb1-ba02b440370e,5eab9655-f967-45ef-b8fa-5e8632163c59,0.1
678,708a0bb4-fa79-415d-8a86-684041d7e0d0,5eab9655-f967-45ef-b8fa-5e8632163c59,0.1
679,8a97dbe6-506f-476a-a484-cfd483a04c3d,5eab9655-f967-45ef-b8fa-5e8632163c59,0.1
680,c84267c4-8379-4c4f-a199-038cf43253af,5eab9655-f967-45ef-b8fa-5e8632163c59,0.1
681,666ee2bd-df67-4dfb-8540-e5c9ab4b54f9,5eab9655-f967-45ef-b8fa-5e8632163c59,0.1
682,1f1a7d80-24f3-4aba-a8a1-eec54140fd22,5eab9655-f967-45ef-b8fa-5e8632163c59,0.1
683,b78b78b8-375c-4763-a671-d5b454d5a5da,5eab9655-f967-45ef-b8fa-5e8632163c59,0.1
684,5b4c09ba-eb75-49a7-bba4-386d67adf0d5,5eab9655-f967-45ef-b8fa-5e8632163c59,0.1
685,f31d9c7c-f95c-4d3d-85f1-b02294cd87c9,5eab9655-f967-45ef-b8fa-5e8632163c59,0.1
686,ba8cfe84-fd89-4fc8-af34-ef287469aa94,5eab9655-f967-45ef-b8fa-5e8632163c59,0.1
687,1e30e07f-6dce-4837-ac4e-29aa2b1abfff,5eab9655-f967-45ef-b8fa-5e8632163c59,0.1
688,62cccc65-70ba-41e2-a80d-5767cd5c7ad3,5eab9655-f967-45ef-b8fa-5e8632163c59,0.1
689,077d1b08-ccfe-443b-981b-22ead3f49a01,5eab9655-f967-45ef-b8fa-5e8632163c59,0.1
690,a952000c-687d-4b64-9c93-62eaa36bb86d,5eab9655-f967-45ef-b8fa-5e8632163c59,0.1
691,41681d57-28e0-4b29-983a-a610c6bf2991,5eab9655-f967-45ef-b8fa-5e8632163c59,0.1
692,8d0af238-fffb-4012-8cca-af7c8a6eddf8,5eab9655-f967-45ef-b8fa-5e8632163c59,0.1
693,09c72143-f951-42b8-bf90-cc35964dcfea,5eab9655-f967-45ef-b8fa-5e8632163c59,0.1
694,8d60dcd7-bc05-4e9e-8198-d73ebbbcce04,5eab9655-f967-45ef-b8fa-5e8632163c59,0.1
695,e19ef4c6-e233-402c-8137-a6069d3bedd1,5eab9655-f967-45ef-b8fa-5e8632163c59,0.1
696,1d504185-8feb-42d6-950c-40d5d4624e61,5eab9655-f967-45ef-b8fa-5e8632163c59,0.1
697,f7f4cc28-9588-4aa1-aba4-54f6140c1c73,5eab9655-f967-45ef-b8fa-5e8632163c59,0.1
698,bb5d84fe-bed2-44fc-8d82-6c4f2704efec,5eab9655-f967-45ef-b8fa-5e8632163c59,0.1
699,49cf1d4b-35a2-47ac-94bd-4b09be6d2e53,5eab9655-f967-45ef-b8fa-5e8632163c59,0.1
700,55f3ddb3-8b10-4444-bc30-c99a34affd51,5eab9655-f967-45ef-b8fa-5e8632163c59,0.1
701,92f898a3-78c9-4170-95ea-adf29a8f5e2e,5eab9655-f967-45ef-b8fa-5e8632163c59,0.1
702,88dcbd3f-6737-4a2b-bbc7-44273df4275a,5eab9655-f967-45ef-b8fa-5e8632163c59,0.1
703,34d22755-69f6-4d97-8a27-f1bd929d0d5f,5eab9655-f967-45ef-b8fa-5e8632163c59,0.1
704,49504ec7-bac3-46d5-a2e4-a7cb2cf0e9bf,5eab9655-f967-45ef-b8fa-5e8632163c59,0.1
705,1a859260-63aa-423f-be9f-69c5e1a5c3b0,5eab9655-f967-45ef-b8fa-5e8632163c59,0.1
706,6ef3d968-7d56-4903-b2da-b0b5c22edf5a,5eab9655-f967-45ef-b8fa-5e8632163c59,0.1
707,b05b5693-b4ea-46aa-a210-22300e171ef3,5eab9655-f967-45ef-b8fa-5e8632163c59,0.1
708,125eca75-3ad1-4efb-b15d-0b61047b5d09,5eab9655-f967-45ef-b8fa-5e8632163c59,0.1
709,847f70fc-b341-4b7a-8cd6-ef2a0f61d480,5eab9655-f967-45ef-b8fa-5e8632163c59,0.1
710,039e5c51-14c8-40ea-aec2-f37a1a743330,5eab9655-f967-45ef-b8fa-5e8632163c59,0.1
711,51eb4dd4-1b5d-4b6d-8d43-8e3f5012f8a4,5eab9655-f967-45ef-b8fa-5e8632163c59,0.1
712,6a8eb3af-c077-4697-bf10-109a69cc4b69,5eab9655-f967-45ef-b8fa-5e8632163c59,0.1
713,6122d070-7352-4bef-8f33-7c0379297406,5eab9655-f967-45ef-b8fa-5e8632163c59,0.1
714,8a68979f-ffa0-487f-9a67-a177915f8f34,5eab9655-f967-45ef-b8fa-5e8632163c59,0.1
715,9ee44e6c-51c9-42fe-b23a-5aeb03619c0b,5eab9655-f967-45ef-b8fa-5e8632163c59,0.1
716,fc112dce-4dbf-480c-a6a2-e182affec1cb,5eab9655-f967-45ef-b8fa-5e8632163c59,0.1
717,328bdc68-4ceb-4893-9085-959eecb16f82,5eab9655-f967-45ef-b8fa-5e8632163c59,0.1
718,61b73d56-59e1-4261-9c3e-62c440435e80,5eab9655-f967-45ef-b8fa-5e8632163c59,0.1
719,dddb5640-2c63-44a7-9fd6-8c83921ea3ec,5eab9655-f967-45ef-b8fa-5e8632163c59,0.1
720,7ea75faf-a02d-47f5-a0e5-f48c037aeb59,5eab9655-f967-45ef-b8fa-5e8632163c59,0.1
721,55d8ef70-eb9c-4f84-90c1-914d7f438aa7,5eab9655-f967-45ef-b8fa-5e8632163c59,0.1
722,a83b5aef-4c0c-48a7-a916-23a97190f221,5eab9655-f967-45ef-b8fa-5e8632163c59,0.1
723,53d812bd-1e5e-48ec-9ced-38cf383ea6a4,5eab9655-f967-45ef-b8fa-5e8632163c59,0.1
724,65e40543-7036-4f02-84f9-d68a5e5adaec,5eab9655-f967-45ef-b8fa-5e8632163c59,0.1
725,cc4afd9c-e035-438b-99aa-82be915152e9,5eab9655-f967-45ef-b8fa-5e8632163c59,0.1
726,367b76dd-7b0e-4556-812d-938e8c75452f,5eab9655-f967-45ef-b8fa-5e8632163c59,0.1
727,b349f659-6fc6-4210-b697-a4c0e4e8f0d5,5eab9655-f967-45ef-b8fa-5e8632163c59,0.1
728,0d6661ce-c986-49c1-96f1-326a76d18353,5eab9655-f967-45ef-b8fa-5e8632163c59,0.1
729,e7e1ee48-28b7-44d8-a794-1dccab6f736e,5eab9655-f967-45ef-b8fa-5e8632163c59,0.1
730,66842bf4-338b-49c7-9149-56e9ef3b59cc,5eab9655-f967-45ef-b8fa-5e8632163c59,0.1
731,02e7b195-55b5-4f16-9cd1-fc3f7714966a,5eab9655-f967-45ef-b8fa-5e8632163c59,0.1
732,b2b34ee8-b7c4-4f22-bcd3-7c4562756ea1,5eab9655-f967-45ef-b8fa-5e8632163c59,0.1
733,fbcf0de5-0407-44e3-bb2e-6a8a86cc8a3f,5eab9655-f967-45ef-b8fa-5e8632163c59,0.1
734,4ceffa62-6792-4ca3-9e6a-b4e05e3715e4,5eab9655-f967-45ef-b8fa-5e8632163c59,0.1
735,24e756ee-2964-4a22-aa72-411254df6e98,5eab9655-f967-45ef-b8fa-5e8632163c59,0.1
736,889e8c71-d1d9-47ca-90ef-5caf9a1d10f2,5eab9655-f967-45ef-b8fa-5e8632163c59,0.1
737,57e2c787-b2fd-482f-9a7a-0d24ce1b3007,5eab9655-f967-45ef-b8fa-5e8632163c59,0.1
738,151467d3-651c-4f3a-a901-65b7555082f5,5eab9655-f967-45ef-b8fa-5e8632163c59,0.1
739,e3208bc0-7c12-415f-b3d6-439860d9688a,5eab9655-f967-45ef-b8fa-5e8632163c59,0.1
740,9cefa2ec-a820-4f53-a458-9794c4b7e74e,5eab9655-f967-45ef-b8fa-5e8632163c59,0.1
741,7983ad63-0629-44eb-9614-a8dd4c188bf6,5eab9655-f967-45ef-b8fa-5e8632163c59,0.1
742,b6682a46-e9ef-4370-9b61-efd02d5ee9e8,5eab9655-f967-45ef-b8fa-5e8632163c59,0.1
743,df2b6976-91db-4e45-98ed-c846bac0ef0b,5eab9655-f967-45ef-b8fa-5e8632163c59,0.1
744,939e2bdd-1900-4d72-a552-1482f591fb7c,5eab9655-f967-45ef-b8fa-5e8632163c59,0.1
745,18763d56-afa0-44f9-8185-0fb0ec8b48e6,5eab9655-f967-45ef-b8fa-5e8632163c59,0.1
746,812bde7a-ead7-4530-ae12-653a1e411aa1,5eab9655-f967-45ef-b8fa-5e8632163c59,0.1
747,9631921c-6333-4007-b808-0d8c7039d556,5eab9655-f967-45ef-b8fa-5e8632163c59,0.1
748,5ab0a31f-ef09-40a6-8067-49e859e4e4b7,5eab9655-f967-45ef-b8fa-5e8632163c59,0.1
749,e3fe90ee-6ca4-494e-9385-cdd1a9df1233,5eab9655-f967-45ef-b8fa-5e8632163c59,0.1
750,3ef76477-832a-42cc-85f2-8e9673bf51b8,5eab9655-f967-45ef-b8fa-5e8632163c59,0.1
751,c0ce292d-5c0b-486b-904e-0fdc0009cf78,5eab9655-f967-45ef-b8fa-5e8632163c59,0.1
752,0f2e99d0-acb4-4d3c-8499-7149af3eb2ed,5eab9655-f967-45ef-b8fa-5e8632163c59,0.1
753,591f8ad5-6782-4129-bf4b-61740009064e,5eab9655-f967-45ef-b8fa-5e8632163c59,0.1
754,96a859f2-21af-48fa-ac26-fefad637289f,5eab9655-f967-45ef-b8fa-5e8632163c59,0.1
755,b48aed03-adf3-424b-88a5-7343a7680f6f,5eab9655-f967-45ef-b8fa-5e8632163c59,0.1
756,4710c8e6-b54e-41f2-9a33-6c9b842543a0,5eab9655-f967-45ef-b8fa-5e8632163c59,0.1
757,00ef373b-3892-4b25-a9c9-ae730f813b30,5eab9655-f967-45ef-b8fa-5e8632163c59,0.1
758,7d224eef-90fa-4463-978b-2ff4c919e948,5eab9655-f967-45ef-b8fa-5e8632163c59,0.1
759,0fa75750-2136-4868-bb75-c8eaa39773ac,5eab9655-f967-45ef-b8fa-5e8632163c59,0.1
760,7a5669fc-6246-40f8-bf8d-729ae8ed0b06,5eab9655-f967-45ef-b8fa-5e8632163c59,0.1
761,94ec583c-ce06-4079-a103-6e983201918e,5eab9655-f967-45ef-b8fa-5e8632163c59,0.1
762,512f7bd0-cfb6-4c44-9d1b-616d9344f628,5eab9655-f967-45ef-b8fa-5e8632163c59,0.1
763,fbad60b5-e18b-448f-b292-4e55175cdd46,5eab9655-f967-45ef-b8fa-5e8632163c59,0.1
764,d398d114-9928-499a-bfca-2f4505d8a569,5eab9655-f967-45ef-b8fa-5e8632163c59,0.1
765,b52f66b4-3b56-4db8-86cd-b83ba4754c7f,5eab9655-f967-45ef-b8fa-5e8632163c59,0.1
766,51e83b87-8abb-4594-92b1-090708b43577,5eab9655-f967-45ef-b8fa-5e8632163c59,0.1
767,4eb03db1-08dd-466e-b6f8-735910c485ad,5eab9655-f967-45ef-b8fa-5e8632163c59,0.1
768,2761fa24-20bb-4a89-8cc0-8edf5c7d7523,5eab9655-f967-45ef-b8fa-5e8632163c59,0.1
769,8e1ab1ff-68f0-401e-a87c-fdcb114c655e,5eab9655-f967-45ef-b8fa-5e8632163c59,0.1
770,4e64a8cc-a021-403c-89eb-2c70a00940c3,5eab9655-f967-45ef-b8fa-5e8632163c59,0.1
771,336d3533-0769-4072-90f5-7a29ce8f0be3,5eab9655-f967-45ef-b8fa-5e8632163c59,0.1
772,7dd6f21e-0ee6-4e49-a8d3-8b8d6a4ecd5c,5eab9655-f967-45ef-b8fa-5e8632163c59,0.1
773,4046af7d-57e5-49f2-9798-956fae99c58f,5eab9655-f967-45ef-b8fa-5e8632163c59,0.1
774,023f02eb-87d5-430f-9c74-08a2fc9627b0,5eab9655-f967-45ef-b8fa-5e8632163c59,0.1
775,f7ab8d57-3adb-4005-8d79-0765a0687b6c,5eab9655-f967-45ef-b8fa-5e8632163c59,0.1
776,46fa553d-eaf5-4b7b-9e58-61153a2b0336,5eab9655-f967-45ef-b8fa-5e8632163c59,0.1
777,5d0527e0-b78e-4995-b4f9-1d115371d094,5eab9655-f967-45ef-b8fa-5e8632163c59,0.1
778,ebea78c6-4005-4b15-8fd0-de7a14dd4eed,5eab9655-f967-45ef-b8fa-5e8632163c59,0.1
779,b81dc2c7-a242-42b5-be7a-d099fb6c5d18,5eab9655-f967-45ef-b8fa-5e8632163c59,0.1
780,f1b3ae51-5870-4e4f-beba-de1e13249bf9,5eab9655-f967-45ef-b8fa-5e8632163c59,0.1
781,4002f418-ef5b-4587-a142-75083eefbfce,5eab9655-f967-45ef-b8fa-5e8632163c59,0.1
782,6ae709de-f96f-45b0-8619-fdf382fd4563,5eab9655-f967-45ef-b8fa-5e8632163c59,0.1
783,77e63cce-6983-4f20-b3e0-ab2187f0cc00,5eab9655-f967-45ef-b8fa-5e8632163c59,0.1
784,5e62f633-31b5-442e-b996-89998502fc74,5eab9655-f967-45ef-b8fa-5e8632163c59,0.1
785,14c1e7aa-7a9c-4e2f-a19b-3666c21f5e0d,5eab9655-f967-45ef-b8fa-5e8632163c59,0.1
786,59ef7740-e02a-49bc-b678-5929e51019ce,5eab9655-f967-45ef-b8fa-5e8632163c59,0.1
787,01331b9a-d14f-42d1-b596-105d1ed981a7,5eab9655-f967-45ef-b8fa-5e8632163c59,0.1
788,27226cfc-b721-4849-9d74-9533cb00361e,5eab9655-f967-45ef-b8fa-5e8632163c59,0.1
789,05918fe8-4df5-48b5-aa8b-5ab2fe30440d,5eab9655-f967-45ef-b8fa-5e8632163c59,0.1
790,c4343876-a11a-4e3f-9897-a2502c0f6b24,5eab9655-f967-45ef-b8fa-5e8632163c59,0.1
791,0e6c4fff-b804-495a-8b98-97dda801d4ee,5eab9655-f967-45ef-b8fa-5e8632163c59,0.1
792,7b983894-f057-4e06-b62b-d5008fda4065,5eab9655-f967-45ef-b8fa-5e8632163c59,0.1
793,7af7aa81-90bc-440d-9656-e12a6094e9b2,5eab9655-f967-45ef-b8fa-5e8632163c59,0.1
794,a9f76547-8505-4917-ac16-781c2dd0c1ee,5eab9655-f967-45ef-b8fa-5e8632163c59,0.1
795,5f825b6d-f1f2-4028-b448-27a8a06a1efa,5eab9655-f967-45ef-b8fa-5e8632163c59,0.1
796,13871e61-82c8-45e6-8e03-6e687f0975f0,5eab9655-f967-45ef-b8fa-5e8632163c59,0.1
797,f9b3eea5-54e7-4add-87e7-1b8756f1cde3,5eab9655-f967-45ef-b8fa-5e8632163c59,0.1
798,3633c402-fdfb-4ed3-8f35-fd16f8477a9c,5eab9655-f967-45ef-b8fa-5e8632163c59,0.1
799,a621b334-594c-448b-86a9-9939f3ef0e7e,5eab9655-f967-45ef-b8fa-5e8632163c59,0.1
800,f74d19d7-d67b-40c5-a62a-5cc4857dad54,5eab9655-f967-45ef-b8fa-5e8632163c59,0.1
801,3b0cdc21-935e-43e3-9bd0-71649783d418,5eab9655-f967-45ef-b8fa-5e8632163c59,0.1
802,ab7753da-0fca-4db7-9e05-bf42bd4a533d,5eab9655-f967-45ef-b8fa-5e8632163c59,0.1
803,02549946-bd87-4c6f-be63-b0e99934aa75,5eab9655-f967-45ef-b8fa-5e8632163c59,0.1
804,c7fc1c69-cfff-455b-a4db-25c337e66e2e,5eab9655-f967-45ef-b8fa-5e8632163c59,0.1
805,80b67c1b-1cce-4a26-9876-563843f0a455,5eab9655-f967-45ef-b8fa-5e8632163c59,0.1
806,2f215a8f-d0d1-4414-a4d4-3976c301afb5,5eab9655-f967-45ef-b8fa-5e8632163c59,0.1
807,db2395fe-a25d-4192-a7d3-663bd359e684,5eab9655-f967-45ef-b8fa-5e8632163c59,0.1
808,50620beb-b6f7-475c-a72a-fe35a271cf91,5eab9655-f967-45ef-b8fa-5e8632163c59,0.1
809,6fb91f65-eb9e-4617-bbd6-1139e791fc2c,5eab9655-f967-45ef-b8fa-5e8632163c59,0.1
810,989f7738-41ec-4607-8a4d-e670483934e2,5eab9655-f967-45ef-b8fa-5e8632163c59,0.1
811,548b0d0d-b15c-42e8-8a2e-260ad66153b0,5eab9655-f967-45ef-b8fa-5e8632163c59,0.1
812,48db763c-53df-4c6e-bae5-1c3ac36b0515,5eab9655-f967-45ef-b8fa-5e8632163c59,0.1
813,102311a4-ab20-4f5c-89f1-15e344301946,5eab9655-f967-45ef-b8fa-5e8632163c59,0.1
814,9fc18c76-73ce-4ccd-9b09-d5c9bee754d5,5eab9655-f967-45ef-b8fa-5e8632163c59,0.1
815,3041dce3-f32c-4de8-acd6-d15184b10320,5eab9655-f967-45ef-b8fa-5e8632163c59,0.1
816,54bc4d79-9f73-4a73-8495-e3c9dd5c463b,5eab9655-f967-45ef-b8fa-5e8632163c59,0.1
817,32fb780d-7e33-4dd2-ab3f-a5656a2c3a7a,5eab9655-f967-45ef-b8fa-5e8632163c59,0.1
818,200eba95-af93-42ec-99d7-439def0200ea,5eab9655-f967-45ef-b8fa-5e8632163c59,0.1
819,4467ac99-a167-4ce0-94a8-477df2320e65,5eab9655-f967-45ef-b8fa-5e8632163c59,0.1
820,f04f0bfe-f69f-411f-9b97-635a0c4e17eb,5eab9655-f967-45ef-b8fa-5e8632163c59,0.1
821,467d9a0e-8df1-494c-b27d-71c162b0dde2,5eab9655-f967-45ef-b8fa-5e8632163c59,0.1
822,16ef36fc-4ac6-47c9-948f-47e5604bea73,5eab9655-f967-45ef-b8fa-5e8632163c59,0.1
823,100e9e6f-550b-4d57-88ef-148ac85de423,5eab9655-f967-45ef-b8fa-5e8632163c59,0.1
824,b3e7480a-c346-4fe9-8acd-e02803e8b54a,5eab9655-f967-45ef-b8fa-5e8632163c59,0.1
825,8860d7d7-3b3b-4c65-a987-dc4d7a7c89f2,5eab9655-f967-45ef-b8fa-5e8632163c59,0.1
826,913ded7f-d3ba-45e6-a352-88dfafafffa8,5eab9655-f967-45ef-b8fa-5e8632163c59,0.1
827,f32940b6-e4c9-4f24-b7e7-d291bd7f3142,5eab9655-f967-45ef-b8fa-5e8632163c59,0.1
828,deaa0bd8-40ae-4d44-9036-172bef87f963,5eab9655-f967-45ef-b8fa-5e8632163c59,0.1
829,14c69127-675c-48f8-b639-eab7d4a8bf30,5eab9655-f967-45ef-b8fa-5e8632163c59,0.1
830,6588e352-ad36-4a77-9cb9-e5b1dfa51a4f,5eab9655-f967-45ef-b8fa-5e8632163c59,0.1
831,7e6c36b5-e44c-4d9a-a6a7-9b1bad4cfc06,5eab9655-f967-45ef-b8fa-5e8632163c59,0.1
832,d1ab2c5d-94d6-4ff5-ab7f-b8702f6c0250,5eab9655-f967-45ef-b8fa-5e8632163c59,0.1
833,76605794-edd1-4964-a706-9fbdabb916b4,5eab9655-f967-45ef-b8fa-5e8632163c59,0.1
834,15f4c37d-6cfa-4331-827a-adae9a52ac2e,5eab9655-f967-45ef-b8fa-5e8632163c59,0.1
835,6e880fb3-b54f-47d6-9d16-50b706e6d9cf,5eab9655-f967-45ef-b8fa-5e8632163c59,0.1
836,28d0af9c-8048-424e-bbe9-2f249f567c01,5eab9655-f967-45ef-b8fa-5e8632163c59,0.1
837,720839b4-1609-46b0-87a9-e2ab02d72ccd,5eab9655-f967-45ef-b8fa-5e8632163c59,0.1
838,e6243db5-1dcb-42bd-ade0-342bbbcebbe6,5eab9655-f967-45ef-b8fa-5e8632163c59,0.1
839,bf1c3112-f936-4995-8ba8-9ac6d6003a14,5eab9655-f967-45ef-b8fa-5e8632163c59,0.1
840,6e523ebb-2c72-48b6-9a9a-f23acf6ff5fa,5eab9655-f967-45ef-b8fa-5e8632163c59,0.1
841,ad78e970-27cc-4850-a3e0-3b4cf1929f5c,5eab9655-f967-45ef-b8fa-5e8632163c59,0.1
842,1a83983f-83ed-419a-89c4-5b459ea4fb84,5eab9655-f967-45ef-b8fa-5e8632163c59,0.1
843,cfd8da09-67a7-47e5-a342-c51d8230c731,5eab9655-f967-45ef-b8fa-5e8632163c59,0.1
844,48bb3f5b-d059-458c-9904-a2d386829c92,5eab9655-f967-45ef-b8fa-5e8632163c59,0.1
845,30cad068-68ec-422e-b108-aa7783648d98,5eab9655-f967-45ef-b8fa-5e8632163c59,0.1
846,80764400-b340-4ba7-bcfb-2a6f28c9dec9,5eab9655-f967-45ef-b8fa-5e8632163c59,0.1
847,fc681064-dd4d-489a-8b8f-251dd01285a0,5eab9655-f967-45ef-b8fa-5e8632163c59,0.1
848,17d31fda-95b4-44b7-a713-a512a40804fe,5eab9655-f967-45ef-b8fa-5e8632163c59,0.1
849,44cb6eac-c44d-4cf9-9ab7-fa6b47a677a5,5eab9655-f967-45ef-b8fa-5e8632163c59,0.1
850,74fa8074-8e3a-4b57-a1ab-29fe6ce15d5e,5eab9655-f967-45ef-b8fa-5e8632163c59,0.1
851,262719a8-9e93-4800-831c-3d186a40e09e,5eab9655-f967-45ef-b8fa-5e8632163c59,0.1
852,bca2fbdb-4197-4d40-bb15-1faa0b6768ff,5eab9655-f967-45ef-b8fa-5e8632163c59,0.1
853,cbbd178a-b674-4556-b0d8-743084c628dc,5eab9655-f967-45ef-b8fa-5e8632163c59,0.1
854,f4e0dcc9-87dd-45fe-8150-1feb4033cf92,5eab9655-f967-45ef-b8fa-5e8632163c59,0.1
855,feb96433-ef44-4ae7-8a57-9c79a6d85ae6,5eab9655-f967-45ef-b8fa-5e8632163c59,0.1
856,3bce4d26-22a0-42b6-b3b8-39c6c4528e7e,5eab9655-f967-45ef-b8fa-5e8632163c59,0.1
857,efc5f95b-87a7-4bb9-9774-91743201880b,5eab9655-f967-45ef-b8fa-5e8632163c59,0.1
858,47d05dec-bbce-40ba-b349-bc8698600196,5eab9655-f967-45ef-b8fa-5e8632163c59,0.1
859,c54dd811-ba51-43b9-ad39-bcc20064ae0a,5eab9655-f967-45ef-b8fa-5e8632163c59,0.1
860,863d214b-e56b-457c-bc3a-79a1146df18a,5eab9655-f967-45ef-b8fa-5e8632163c59,0.1
861,d836c7a8-baf7-40c3-84c4-f7ca820013fc,5eab9655-f967-45ef-b8fa-5e8632163c59,0.1
862,e5f43836-68b0-474b-aa82-90622adbebad,5eab9655-f967-45ef-b8fa-5e8632163c59,0.1
863,973f04e1-5a42-47e4-95b6-1407c7968b05,5eab9655-f967-45ef-b8fa-5e8632163c59,0.1
864,9ff2a33b-bf34-4e2a-992f-8c32a4e6b703,5eab9655-f967-45ef-b8fa-5e8632163c59,0.1
865,656e15af-73dd-4610-84f6-9f0ca9800a4d,5eab9655-f967-45ef-b8fa-5e8632163c59,0.1
866,3ba4363e-f572-4771-91f7-ecff9fbcacd8,5eab9655-f967-45ef-b8fa-5e8632163c59,0.1
867,18188641-6566-4d65-81ec-5f81ec783883,5eab9655-f967-45ef-b8fa-5e8632163c59,0.1
868,6e6a7889-3ad9-410a-8571-071385ff4da4,5eab9655-f967-45ef-b8fa-5e8632163c59,0.1
869,c2230d2b-0a4a-46ba-9f70-733ab5d1d822,5eab9655-f967-45ef-b8fa-5e8632163c59,0.1
870,dc26da7f-258f-4de5-80d7-e9a74904e2ac,5eab9655-f967-45ef-b8fa-5e8632163c59,0.1
871,afbe743a-4642-4b51-9148-6be93064fe48,5eab9655-f967-45ef-b8fa-5e8632163c59,0.1
872,de9d3c90-0263-439d-bcff-8f13ded64c82,5eab9655-f967-45ef-b8fa-5e8632163c59,0.1
873,cc98ba89-15bb-4e24-9fbb-cae8d7143f5c,5eab9655-f967-45ef-b8fa-5e8632163c59,0.1
874,8176329d-e1c0-4f8d-acc4-3201f983ee72,5eab9655-f967-45ef-b8fa-5e8632163c59,0.1
875,8bf24291-a217-41e3-a676-eabd4d6ef17b,5eab9655-f967-45ef-b8fa-5e8632163c59,0.1
876,4565e354-6018-4a1d-ad46-fa129b9e911d,5eab9655-f967-45ef-b8fa-5e8632163c59,0.1
877,41b9d33a-96c7-49ca-b07b-c34064c27311,5eab9655-f967-45ef-b8fa-5e8632163c59,0.1
878,3bfaa7bc-7281-4215-ba51-3a2e12a7b55e,5eab9655-f967-45ef-b8fa-5e8632163c59,0.1
879,461312c2-92c7-4934-867d-04b3736bad70,5eab9655-f967-45ef-b8fa-5e8632163c59,0.1
880,160ceb26-ce31-4180-9e55-d3d19be4443d,5eab9655-f967-45ef-b8fa-5e8632163c59,0.1
881,85ed79d1-089d-4761-b601-c70cf090f01e,5eab9655-f967-45ef-b8fa-5e8632163c59,0.1
882,cf3184d9-0b81-4ef4-aeff-3d85aaf46f03,5eab9655-f967-45ef-b8fa-5e8632163c59,0.1
883,e82374e6-82df-4cad-9035-83861c4081e9,5eab9655-f967-45ef-b8fa-5e8632163c59,0.1
884,428723a3-d5ef-4f9b-94a3-076314ec7104,5eab9655-f967-45ef-b8fa-5e8632163c59,0.1
885,dd4e7b3a-923c-4ebb-a72c-2fd14d22eed9,5eab9655-f967-45ef-b8fa-5e8632163c59,0.1
886,ae852d4f-86dc-45d9-9ee8-eeda54a99041,5eab9655-f967-45ef-b8fa-5e8632163c59,0.1
887,4eae1b35-6675-4c3d-81d3-ad7dd30f9cce,5eab9655-f967-45ef-b8fa-5e8632163c59,0.1
888,1032e8fe-6468-47b8-ae23-90649effd8df,5eab9655-f967-45ef-b8fa-5e8632163c59,0.1
889,c5a4d38f-5a6b-4a32-a983-875a7056b999,5eab9655-f967-45ef-b8fa-5e8632163c59,0.1
890,1b552344-9d9c-4c19-9c30-026fa470ef94,5eab9655-f967-45ef-b8fa-5e8632163c59,0.1
891,2af289a6-6a63-4b80-a93c-ae30ba8c8ab4,5eab9655-f967-45ef-b8fa-5e8632163c59,0.1
892,61581081-d079-4efe-9f36-ea6e7cfd9a95,5eab9655-f967-45ef-b8fa-5e8632163c59,0.1
893,d98d5de8-cf15-4e5d-8ae0-b5aa35065052,5eab9655-f967-45ef-b8fa-5e8632163c59,0.1
894,ee6eefda-d910-44e6-be0f-1bade6da5dcd,5eab9655-f967-45ef-b8fa-5e8632163c59,0.1
895,afc0f8c4-f704-4701-98f4-0ffadcec3c02,5eab9655-f967-45ef-b8fa-5e8632163c59,0.1
896,f09bdd60-cc6c-4859-892c-911ec40a49db,5eab9655-f967-45ef-b8fa-5e8632163c59,0.1
897,5ad04175-15eb-4c0d-8721-cca173816e13,5eab9655-f967-45ef-b8fa-5e8632163c59,0.1
898,d273ff94-12fc-433a-994d-97de88ce0de1,5eab9655-f967-45ef-b8fa-5e8632163c59,0.1
899,adf9493e-5a86-40d4-93c4-e681a58c5d65,5eab9655-f967-45ef-b8fa-5e8632163c59,0.1
900,f4e64c72-6faf-4942-a3e5-3e69e4e7a300,5eab9655-f967-45ef-b8fa-5e8632163c59,0.1
901,9ecc1cd1-3d55-4d71-8dfe-5bcb3ec90a10,5eab9655-f967-45ef-b8fa-5e8632163c59,0.1
902,27538ca6-15c6-4f21-8108-ffca5b3fa80b,5eab9655-f967-45ef-b8fa-5e8632163c59,0.1
903,f0ed2456-a186-4202-8510-dac37b52a0f7,5eab9655-f967-45ef-b8fa-5e8632163c59,0.1
904,709dc63c-b682-4e64-b5c0-7aea447a348f,5eab9655-f967-45ef-b8fa-5e8632163c59,0.1
905,7c4483ea-72b8-4b61-979d-d30adb005a44,5eab9655-f967-45ef-b8fa-5e8632163c59,0.1
906,a641690d-ea45-46a2-b65a-cf4125d473a7,5eab9655-f967-45ef-b8fa-5e8632163c59,0.1
907,d2fb8c3c-f472-4c2a-a5f7-582cce705de0,5eab9655-f967-45ef-b8fa-5e8632163c59,0.1
908,90d321d9-13a1-4ded-a890-ceae62ceb89b,5eab9655-f967-45ef-b8fa-5e8632163c59,0.1
909,e7a62f24-7a66-4965-80c5-63aee0e0603c,5eab9655-f967-45ef-b8fa-5e8632163c59,0.1
910,a39a3b07-eb23-4abe-afbb-cc2f03a064cf,5eab9655-f967-45ef-b8fa-5e8632163c59,0.1
911,74df4137-4ba6-479d-a3a4-46637e7e95a2,5eab9655-f967-45ef-b8fa-5e8632163c59,0.1
912,f06044c4-0f2a-4e2f-b97f-625402e01fbb,5eab9655-f967-45ef-b8fa-5e8632163c59,0.1
913,53277e08-1916-429d-8255-a32e5fca7d00,5eab9655-f967-45ef-b8fa-5e8632163c59,0.1
914,efaff776-a4ad-4c5a-97c9-da0c36d9a516,5eab9655-f967-45ef-b8fa-5e8632163c59,0.1
915,2f461a0c-74a1-48ca-a117-3143dbc271ea,5eab9655-f967-45ef-b8fa-5e8632163c59,0.1
916,21878fbf-1ed2-43e5-b832-d637ef1068e5,5eab9655-f967-45ef-b8fa-5e8632163c59,0.1
917,637e216c-4d8c-47d4-b164-1525b4b68023,5eab9655-f967-45ef-b8fa-5e8632163c59,0.1
918,3f252792-1e43-4f44-a8c0-085b7d32e362,5eab9655-f967-45ef-b8fa-5e8632163c59,0.1
919,dbeedab6-b04e-456c-95e8-6b3a9c6ea3d8,5eab9655-f967-45ef-b8fa-5e8632163c59,0.1
920,9679760e-97dc-46ba-b84a-51dfa0805969,5eab9655-f967-45ef-b8fa-5e8632163c59,0.1
921,f739b9e3-7f4d-43f6-8931-baaf53dd644e,5eab9655-f967-45ef-b8fa-5e8632163c59,0.1
922,67491ef8-34c2-41e1-a9cd-bbe7927016a2,5eab9655-f967-45ef-b8fa-5e8632163c59,0.1
923,ca0e34da-78d1-4547-b8c1-04156ce4a7bc,5eab9655-f967-45ef-b8fa-5e8632163c59,0.1
924,245b5c37-6b08-4d74-844e-c342bddd8b01,5eab9655-f967-45ef-b8fa-5e8632163c59,0.1
925,6302c864-8137-4f04-8f44-3fb1c74cb8c5,5eab9655-f967-45ef-b8fa-5e8632163c59,0.1
926,ee78ebe6-c548-4080-8786-f1ccf679c615,5eab9655-f967-45ef-b8fa-5e8632163c59,0.1
927,fdc81200-ee4c-43b5-b032-fb5a0a009df2,5eab9655-f967-45ef-b8fa-5e8632163c59,0.1
928,c921ce0f-51e2-46f3-a4d2-0d74323bc022,5eab9655-f967-45ef-b8fa-5e8632163c59,0.1
929,2bdf4eaf-2ff0-45d8-9c45-35445016526c,5eab9655-f967-45ef-b8fa-5e8632163c59,0.1
930,ece41362-c95f-4781-9f9c-72103e10b721,5eab9655-f967-45ef-b8fa-5e8632163c59,0.1
931,7b79c1d3-b7e5-4dd4-93d0-15a59e91fc3e,5eab9655-f967-45ef-b8fa-5e8632163c59,0.1
932,943fbdf5-570e-4d91-9e43-56ab76f1ab39,5eab9655-f967-45ef-b8fa-5e8632163c59,0.1
933,c0ba10c8-040d-428a-8b0f-cddcc97e2d1f,5eab9655-f967-45ef-b8fa-5e8632163c59,0.1
934,491d3b69-da69-4ebe-89a0-61162814ce6c,5eab9655-f967-45ef-b8fa-5e8632163c59,0.1
935,577ea3f6-6b30-42e3-ad53-5eb92a1c2703,5eab9655-f967-45ef-b8fa-5e8632163c59,0.1
936,04d428f7-090b-4e3f-a693-48d088c3190c,5eab9655-f967-45ef-b8fa-5e8632163c59,0.1
937,718e5d72-fdef-4a43-b195-18ad654e6285,5eab9655-f967-45ef-b8fa-5e8632163c59,0.1
938,dee9685d-e559-4f32-b9e0-5e590dd802a8,5eab9655-f967-45ef-b8fa-5e8632163c59,0.1
939,61ee2180-1d65-46f2-99f3-4e927cf61608,5eab9655-f967-45ef-b8fa-5e8632163c59,0.1
940,58eabbc9-582c-47c4-85b8-0e4c758a8ccc,5eab9655-f967-45ef-b8fa-5e8632163c59,0.1
941,13881e15-ab31-4863-8667-199b765ff5d7,5eab9655-f967-45ef-b8fa-5e8632163c59,0.1
942,423795d1-40c2-4dd8-b14f-99fb98f927ca,5eab9655-f967-45ef-b8fa-5e8632163c59,0.1
943,a614ceab-a6c6-44a1-8aad-c9b1fe91eb24,5eab9655-f967-45ef-b8fa-5e8632163c59,0.1
944,e270b718-3402-4d3a-9667-562ba8108b26,5eab9655-f967-45ef-b8fa-5e8632163c59,0.1
945,ab9857a8-c410-4d2b-9aa1-5d73e4f46076,5eab9655-f967-45ef-b8fa-5e8632163c59,0.1
946,f6c1d403-67f4-46c9-b2c4-167bac82725c,5eab9655-f967-45ef-b8fa-5e8632163c59,0.1
947,c7d0dbb2-5ecb-442f-9c00-f35bc18db245,5eab9655-f967-45ef-b8fa-5e8632163c59,0.1
948,a815c40f-0520-4b6d-a0cc-67e1bf69c104,5eab9655-f967-45ef-b8fa-5e8632163c59,0.1
949,bd509c45-505c-44b1-bac6-81b7bed16db4,5eab9655-f967-45ef-b8fa-5e8632163c59,0.1
950,c27ba79d-a312-45dd-b903-086a588f7f0d,5eab9655-f967-45ef-b8fa-5e8632163c59,0.1
951,429e1c91-bf85-48fa-a101-61e0dc7952c6,5eab9655-f967-45ef-b8fa-5e8632163c59,0.1
952,ef731d94-1bb2-4ba9-94cd-29bffc730385,5eab9655-f967-45ef-b8fa-5e8632163c59,0.1
953,f9e24cdd-fd34-41dc-9e2d-5e507d746ee7,5eab9655-f967-45ef-b8fa-5e8632163c59,0.1
954,cd0b3041-f965-440f-9792-0141b4d6bf19,5eab9655-f967-45ef-b8fa-5e8632163c59,0.1
955,220ca7c7-8e8f-45d1-aaa3-b0f9f6a392a1,5eab9655-f967-45ef-b8fa-5e8632163c59,0.1
956,85ddaa55-a346-4808-92ea-2928f3adcc36,5eab9655-f967-45ef-b8fa-5e8632163c59,0.1
957,6fdb26bc-a9c4-4613-b874-5d83cf30d526,5eab9655-f967-45ef-b8fa-5e8632163c59,0.1
958,5302a82d-7a6b-4f27-89b8-7dbe9c4ac917,5eab9655-f967-45ef-b8fa-5e8632163c59,0.1
959,f82012c9-dd2d-4751-b55b-7be7c38d4784,5eab9655-f967-45ef-b8fa-5e8632163c59,0.1
960,4346aa40-c193-4f10-89d6-b7a528c47dbf,5eab9655-f967-45ef-b8fa-5e8632163c59,0.1
961,9bd12b55-0f02-4e7d-a0f6-6512ab01ffe8,5eab9655-f967-45ef-b8fa-5e8632163c59,0.1
962,6f7a691f-5ea0-422d-8c9f-a181abe6d866,5eab9655-f967-45ef-b8fa-5e8632163c59,0.1
963,dd3acd5e-0a5f-4d9e-ad8e-fe695b2cc9cd,5eab9655-f967-45ef-b8fa-5e8632163c59,0.1
964,f7e1e93a-122d-4aac-9eba-0993ea80c7a8,5eab9655-f967-45ef-b8fa-5e8632163c59,0.1
965,fb25425a-5394-4f4f-be7c-d78c2c7b5cd5,5eab9655-f967-45ef-b8fa-5e8632163c59,0.1
966,21f737ee-4862-4783-9968-d6aea44d2d50,5eab9655-f967-45ef-b8fa-5e8632163c59,0.1
967,017564ab-0480-480e-a3b3-dbad64101e39,5eab9655-f967-45ef-b8fa-5e8632163c59,0.1
968,d56315ed-9354-4de8-ac1c-1506a6ad9d26,5eab9655-f967-45ef-b8fa-5e8632163c59,0.1
969,0632ecaf-9ac2-45be-b3a5-401fd58b7b96,5eab9655-f967-45ef-b8fa-5e8632163c59,0.1
970,0971f981-d17b-4b53-8e5c-d44b4a2092e3,5eab9655-f967-45ef-b8fa-5e8632163c59,0.1
971,e11dd8bf-d739-4628-9c1d-9b13ce45279a,5eab9655-f967-45ef-b8fa-5e8632163c59,0.1
972,9b5a928a-f626-45a6-bae7-d923e004ac45,5eab9655-f967-45ef-b8fa-5e8632163c59,0.1
973,117d36d3-406f-4ff3-83d7-58338778e826,5eab9655-f967-45ef-b8fa-5e8632163c59,0.1
974,c4f69f2d-6ccd-4c9f-b182-b1571aa2e94e,5eab9655-f967-45ef-b8fa-5e8632163c59,0.1
975,26abbecc-4c17-404a-9097-23e0a69cb305,5eab9655-f967-45ef-b8fa-5e8632163c59,0.1
976,8f4ffa40-83bc-4009-8f06-dd92b0001ddf,5eab9655-f967-45ef-b8fa-5e8632163c59,0.1
977,c5cfa61d-d77b-4be4-a802-fb708d910471,5eab9655-f967-45ef-b8fa-5e8632163c59,0.1
978,ac63e266-3e42-4a0e-8044-98dbc7225402,5eab9655-f967-45ef-b8fa-5e8632163c59,0.1
979,5e49db49-c101-462e-bb3c-40873b74d18b,5eab9655-f967-45ef-b8fa-5e8632163c59,0.1
980,21b0ad1d-4f28-4b68-bb39-0056bf0a753b,5eab9655-f967-45ef-b8fa-5e8632163c59,0.1
981,235003a9-a11c-47e6-995c-785a8f1e5b2a,5eab9655-f967-45ef-b8fa-5e8632163c59,0.1
982,30346535-af5b-4a93-8640-af3c6d2dd78f,5eab9655-f967-45ef-b8fa-5e8632163c59,0.1
983,a5c52880-7981-4525-b9c1-9d450d5587dc,5eab9655-f967-45ef-b8fa-5e8632163c59,0.1
984,2270b730-47b7-4b7f-b220-617d9450ede2,5eab9655-f967-45ef-b8fa-5e8632163c59,0.1
985,083e1cc4-c4db-44d6-b922-99e563f63c8b,5eab9655-f967-45ef-b8fa-5e8632163c59,0.1
986,012bb1bc-87ec-4a7e-af0b-7ef25f0416a9,5eab9655-f967-45ef-b8fa-5e8632163c59,0.1
987,c3c76bce-3108-4324-9017-ef4190c057ca,5eab9655-f967-45ef-b8fa-5e8632163c59,0.1
988,9f63e1cf-2f87-43dc-b04a-6bc5b8f6621f,5eab9655-f967-45ef-b8fa-5e8632163c59,0.1
989,2a4020b2-73bf-4751-97e2-66071b088326,5eab9655-f967-45ef-b8fa-5e8632163c59,0.1
990,36abca9f-9d74-46c7-8e84-11e294e56cfc,5eab9655-f967-45ef-b8fa-5e8632163c59,0.1
991,2659258a-2c6f-4b5b-a7df-c0a8bb1884d1,5eab9655-f967-45ef-b8fa-5e8632163c59,0.1
992,fee27a59-443f-445f-8267-96e5ee21e280,5eab9655-f967-45ef-b8fa-5e8632163c59,0.1
993,c583005b-2bea-4c74-ac0f-2a58b26221de,5eab9655-f967-45ef-b8fa-5e8632163c59,0.1
994,a47cec54-9900-4e80-ad11-4e3cc56b3ef7,5eab9655-f967-45ef-b8fa-5e8632163c59,0.1
995,98b2b326-aecf-4aa1-95ab-573730250d09,5eab9655-f967-45ef-b8fa-5e8632163c59,0.1
996,7da5fe10-7a62-49d6-9600-192e95a414f2,5eab9655-f967-45ef-b8fa-5e8632163c59,0.1
997,5de6bf93-a181-4f55-bea7-9c726e636050,5eab9655-f967-45ef-b8fa-5e8632163c59,0.1
998,bc340322-89b3-4aae-840a-95a2be49b3c8,5eab9655-f967-45ef-b8fa-5e8632163c59,0.1
999,44938397-f00c-47eb-aff7-639d268ce8e9,5eab9655-f967-45ef-b8fa-5e8632163c59,0.1
1000,e5ca2a2f-d168-458b-8aee-f126c6a18c45,5eab9655-f967-45ef-b8fa-5e8632163c59,0.1
1001,a4a74346-491b-4291-a5cd-d7b35b42262f,5eab9655-f967-45ef-b8fa-5e8632163c59,0.1
1002,ab863037-3169-4273-a4ad-bf9e8e8051a3,5eab9655-f967-45ef-b8fa-5e8632163c59,0.1
1003,40d20a86-b269-45ba-bfd7-b566112f96de,5eab9655-f967-45ef-b8fa-5e8632163c59,0.1
1004,b4c2106a-d973-4947-b914-a696c53ebf02,5eab9655-f967-45ef-b8fa-5e8632163c59,0.1
1005,dcf364da-9f3c-4a52-baec-f885560129eb,5eab9655-f967-45ef-b8fa-5e8632163c59,0.1
1006,e0e3da33-1546-4d0f-a25d-4fd223b1a6c8,5eab9655-f967-45ef-b8fa-5e8632163c59,0.1
1007,d132b9a9-ad80-49af-8e9d-1a1f149bf0e8,5eab9655-f967-45ef-b8fa-5e8632163c59,0.1
1008,84b1680f-03f7-4c44-91fb-358e69e3d3ab,5eab9655-f967-45ef-b8fa-5e8632163c59,0.1
1009,b735d1a6-5f6e-4279-9ce0-8c5a7c11b8b9,5eab9655-f967-45ef-b8fa-5e8632163c59,0.1
1010,b03451e1-34f7-4210-9cd2-010f22fb4e82,5eab9655-f967-45ef-b8fa-5e8632163c59,0.1
1011,c9e6a531-95e7-408c-adb8-51aed4b6fd56,5eab9655-f967-45ef-b8fa-5e8632163c59,0.1
1012,d4400c87-6c2a-4266-b63c-f64a603adff9,5eab9655-f967-45ef-b8fa-5e8632163c59,0.1
1013,37fbb6a1-1b10-4b20-b5dd-4f633b9216d1,5eab9655-f967-45ef-b8fa-5e8632163c59,0.1
1014,ac5bfb2f-492b-4be9-b3a6-9a0d72698bf6,5eab9655-f967-45ef-b8fa-5e8632163c59,0.1
1015,69c808be-50dd-46ae-a097-e75d20d4b431,5eab9655-f967-45ef-b8fa-5e8632163c59,0.1
